"Relative Time (Process)","onFlashIPA_v0 - system/gpu.0.gpu","onFlashIPA_v0 - system/gpu.0.gpu__MIN","onFlashIPA_v0 - system/gpu.0.gpu__MAX"
"16.938859456","21","21","21"
"31.938371554","14","14","14"
"46.938298218","14","14","14"
"61.938420641","15","15","15"
"76.938903096","15","15","15"
"91.9386898","15","15","15"
"106.938833759","15","15","15"
"121.938500476","14","14","14"
"136.937948108","10","10","10"
"151.938166809","14","14","14"
"166.938824672","15","15","15"
"181.938149678","15","15","15"
"196.938735639","18","18","18"
"211.938521235","14","14","14"
"226.937909519","16","16","16"
"241.938006067","19","19","19"
"256.938401525","18","18","18"
"271.938856649","14","14","14"
"286.938120074","14","14","14"
"301.938270384","14","14","14"
"316.938399008","14","14","14"
"331.938714906","14","14","14"
"346.938715471","14","14","14"
"361.93806389","14","14","14"
"376.937808939","15","15","15"
"391.937963681","15","15","15"
"406.938733756","13","13","13"
"421.938567659","15","15","15"
"436.938814038","14","14","14"
"451.938164109","12","12","12"
"466.938720749","14","14","14"
"481.938200672","15","15","15"
"496.938908049","11","11","11"
"511.938828922","16","16","16"
"526.938027231","13","13","13"
"541.938618538","14","14","14"
"556.938693034","15","15","15"
"571.93820067","15","15","15"
"586.937964908","15","15","15"
"601.9381035","16","16","16"
"616.9388156","15","15","15"
"631.938806059","14","14","14"
"646.938773034","14","14","14"
"661.938477648","15","15","15"
"676.938742503","12","12","12"
"691.938088264","15","15","15"
"706.938064851","14","14","14"
"721.93878304","13","13","13"
"736.938703655","15","15","15"
"751.938055987","16","16","16"
"766.938402629","13","13","13"
"781.938750119","15","15","15"
"796.938217857","14","14","14"
"811.938646962","13","13","13"
"826.938737402","15","15","15"
"841.938599818","11","11","11"
"856.938679825","15","15","15"
"871.93876991","15","15","15"
"886.938799782","14","14","14"
"901.938167617","14","14","14"
"916.938591056","13","13","13"
"931.938373293","17","17","17"
"946.938552044","11","11","11"
"961.938188569","14","14","14"
"976.937898048","14","14","14"
"991.938900179","15","15","15"
"1006.938886116","11","11","11"
"1021.938256209","16","16","16"
"1036.938310014","14","14","14"
"1051.938650107","15","15","15"
"1066.937914308","11","11","11"
"1081.938561271","15","15","15"
"1096.937946549","15","15","15"
"1111.938249816","16","16","16"
"1126.938547956","15","15","15"
"1141.938187796","15","15","15"
"1156.937920162","0","0","0"
"1171.938568659","14","14","14"
"1186.938292162","15","15","15"
"1201.938095505","15","15","15"
"1216.938270348","15","15","15"
"1231.937941218","14","14","14"
"1246.938704863","15","15","15"
"1261.938226849","16","16","16"
"1276.938758228","15","15","15"
"1291.938296812","14","14","14"
"1306.938733497","11","11","11"
"1321.938093152","15","15","15"
"1336.938249594","14","14","14"
"1351.938650105","15","15","15"
"1366.938182442","14","14","14"
"1381.938756393","14","14","14"
"1396.938831353","16","16","16"
"1411.937837676","16","16","16"
"1426.938274755","15","15","15"
"1441.938050389","14","14","14"
"1456.938593877","15","15","15"
"1471.938689725","15","15","15"
"1486.938120478","14","14","14"
"1501.938792516","15","15","15"
"1516.938009113","12","12","12"
"1531.938869544","16","16","16"
"1546.938784","14","14","14"
"1561.93786456","17","17","17"
"1576.938617309","15","15","15"
"1591.938152672","15","15","15"
"1606.93859924","15","15","15"
"1621.938059986","13","13","13"
"1636.938353669","15","15","15"
"1651.938788984","15","15","15"
"1666.938755914","14","14","14"
"1681.93818311","14","14","14"
"1696.938440948","16","16","16"
"1711.937997322","22","22","22"
"1726.938625368","16","16","16"
"1741.937832068","14","14","14"
"1756.938144795","15","15","15"
"1771.938596313","14","14","14"
"1786.938442624","15","15","15"
"1801.937939727","15","15","15"
"1816.938164322","13","13","13"
"1831.938070336","15","15","15"
"1846.938504087","14","14","14"
"1861.938997921","19","19","19"
"1876.938559602","15","15","15"
"1891.938692705","18","18","18"
"1906.93806555","15","15","15"
"1921.938624915","14","14","14"
"1936.938641642","15","15","15"
"1951.939001489","14","14","14"
"1966.938227388","15","15","15"
"1981.93872923","13","13","13"
"1996.938560442","15","15","15"
"2011.938399727","15","15","15"
"2026.938303387","14","14","14"
"2041.93857554","15","15","15"
"2056.938904869","14","14","14"
"2071.938651422","12","12","12"
"2086.938084903","14","14","14"
"2101.938195484","13","13","13"
"2116.938832911","13","13","13"
"2131.938670671","14","14","14"
"2146.938501029","13","13","13"
"2161.937993197","13","13","13"
"2176.938769737","17","17","17"
"2191.938089663","15","15","15"
"2206.93834662","14","14","14"
"2221.938532311","15","15","15"
"2236.938788666","14","14","14"
"2251.938144344","14","14","14"
"2266.938849911","15","15","15"
"2281.938835875","15","15","15"
"2296.938734902","14","14","14"
"2311.938323394","16","16","16"
"2326.938687104","15","15","15"
"2341.938531588","14","14","14"
"2356.938662534","14","14","14"
"2371.938969797","15","15","15"
"2386.938098766","14","14","14"
"2401.938230929","15","15","15"
"2416.938349625","12","12","12"
"2431.938077953","14","14","14"
"2446.938157188","16","16","16"
"2461.938224841","16","16","16"
"2476.938523303","13","13","13"
"2491.938178464","14","14","14"
"2506.938142688","14","14","14"
"2521.938191091","15","15","15"
"2536.938721091","18","18","18"
"2551.938862618","14","14","14"
"2566.938480966","13","13","13"
"2581.938173471","15","15","15"
"2596.938217482","14","14","14"
"2611.938121303","15","15","15"
"2626.93791949","13","13","13"
"2641.938061653","15","15","15"
"2656.938780971","14","14","14"
"2671.937965409","14","14","14"
"2686.938296082","14","14","14"
"2701.938825667","14","14","14"
"2716.938478557","11","11","11"
"2731.938526487","15","15","15"
"2746.937972742","15","15","15"
"2761.938777197","15","15","15"
"2776.93880353","16","16","16"
"2791.938225002","14","14","14"
"2806.938169995","12","12","12"
"2821.938800114","14","14","14"
"2836.938538627","14","14","14"
"2851.938629206","14","14","14"
"2866.937841319","15","15","15"
"2881.938565006","15","15","15"
"2896.938182549","14","14","14"
"2911.938443077","14","14","14"
"2926.938660279","14","14","14"
"2941.938759344","13","13","13"
"2956.937783092","15","15","15"
"2971.938107943","15","15","15"
"2986.938735831","14","14","14"
"3001.938532964","12","12","12"
"3016.938778534","15","15","15"
"3031.938424445","16","16","16"
"3046.938178924","15","15","15"
"3061.938067538","15","15","15"
"3076.938652824","16","16","16"
"3091.938302585","14","14","14"
"3106.938655578","14","14","14"
"3121.938800838","14","14","14"
"3136.938239619","15","15","15"
"3151.938457813","16","16","16"
"3166.938952648","14","14","14"
"3181.937916043","14","14","14"
"3196.938854914","15","15","15"
"3211.938666665","15","15","15"
"3226.93861835","15","15","15"
"3241.938470218","14","14","14"
"3256.938212438","15","15","15"
"3271.938257887","14","14","14"
"3286.93820531","15","15","15"
"3301.938651161","15","15","15"
"3316.938509837","14","14","14"
"3331.938024886","13","13","13"
"3346.938751141","15","15","15"
"3361.938372569","15","15","15"
"3376.938835853","17","17","17"
"3391.938633375","14","14","14"
"3406.938192637","14","14","14"
"3421.938723972","14","14","14"
"3436.937677385","15","15","15"
"3451.938390053","15","15","15"
"3466.938453048","14","14","14"
"3481.938218716","15","15","15"
"3496.938512307","14","14","14"
"3511.93889856","14","14","14"
"3526.938532611","12","12","12"
"3541.938836146","15","15","15"
"3556.93847448","13","13","13"
"3571.938479804","14","14","14"
"3586.938318881","13","13","13"
"3601.938919247","17","17","17"
"3616.93840575","15","15","15"
"3631.938010423","15","15","15"
"3646.938851841","15","15","15"
"3661.938320827","15","15","15"
"3676.938289105","14","14","14"
"3691.938416109","14","14","14"
"3706.938734637","17","17","17"
"3721.938577477","15","15","15"
"3736.938709439","17","17","17"
"3751.938401901","15","15","15"
"3766.938556472","14","14","14"
"3781.938198108","0","0","0"
"3796.938199283","14","14","14"
"3811.938045198","14","14","14"
"3826.938349264","14","14","14"
"3841.938067171","13","13","13"
"3856.938365522","14","14","14"
"3871.938970713","14","14","14"
"3886.938293393","15","15","15"
"3901.93788137","14","14","14"
"3916.938767088","14","14","14"
"3931.938633114","16","16","16"
"3946.938117231","11","11","11"
"3961.938629246","15","15","15"
"3976.938858585","15","15","15"
"3991.93837144","14","14","14"
"4006.938503231","15","15","15"
"4021.93813761","13","13","13"
"4036.938837139","13","13","13"
"4051.938543671","15","15","15"
"4066.938591336","14","14","14"
"4081.938567296","14","14","14"
"4096.938400053","15","15","15"
"4111.938776602","14","14","14"
"4126.938435231","14","14","14"
"4141.938089304","15","15","15"
"4156.938349316","13","13","13"
"4171.938819034","14","14","14"
"4186.938359236","15","15","15"
"4201.938749235","16","16","16"
"4216.938104713","14","14","14"
"4231.938266722","14","14","14"
"4246.938456045","17","17","17"
"4261.938329687","14","14","14"
"4276.938294305","14","14","14"
"4291.938021049","15","15","15"
"4306.938764535","15","15","15"
"4321.938017825","15","15","15"
"4336.938751233","15","15","15"
"4351.938126357","14","14","14"
"4366.93827601","14","14","14"
"4381.937990022","14","14","14"
"4396.938061838","15","15","15"
"4411.938714156","15","15","15"
"4426.938604509","14","14","14"
"4441.93830849","15","15","15"
"4456.937939674","15","15","15"
"4471.938776714","14","14","14"
"4486.938647114","15","15","15"
"4501.938726585","14","14","14"
"4516.938188036","15","15","15"
"4531.938777828","14","14","14"
"4546.93823844","14","14","14"
"4561.93865221","20","20","20"
"4576.93905895","15","15","15"
"4591.938349657","15","15","15"
"4606.93896206","14","14","14"
"4621.938707563","16","16","16"
"4636.938348545","14","14","14"
"4651.938444552","14","14","14"
"4666.938563963","14","14","14"
"4681.940017056","14","14","14"
"4696.938135622","13","13","13"
"4711.938176659","15","15","15"
"4726.938014821","14","14","14"
"4741.938136607","15","15","15"
"4756.938011889","11","11","11"
"4771.938256352","18","18","18"
"4786.93851456","15","15","15"
"4801.938432337","15","15","15"
"4816.938297524","15","15","15"
"4831.938890481","15","15","15"
"4846.938521847","14","14","14"
"4861.937971158","15","15","15"
"4876.938168385","15","15","15"
"4891.938835073","17","17","17"
"4906.938630434","15","15","15"
"4921.938717367","14","14","14"
"4936.938075552","15","15","15"
"4951.938568932","15","15","15"
"4966.938095612","14","14","14"
"4981.93849998","14","14","14"
"4996.938165446","14","14","14"
"5011.938227969","15","15","15"
"5026.937981397","14","14","14"
"5041.938311359","14","14","14"
"5056.93884792","14","14","14"
"5071.938233496","15","15","15"
"5086.938426871","15","15","15"
"5101.938089003","14","14","14"
"5116.937937545","15","15","15"
"5131.938854509","15","15","15"
"5146.938144026","15","15","15"
"5161.938329968","14","14","14"
"5176.938750835","15","15","15"
"5191.938766278","15","15","15"
"5206.937889732","14","14","14"
"5221.938567782","15","15","15"
"5236.938555314","13","13","13"
"5251.938856613","15","15","15"
"5266.938785977","15","15","15"
"5281.938817728","15","15","15"
"5296.938940104","14","14","14"
"5311.938339425","14","14","14"
"5326.938818755","15","15","15"
"5341.937889657","14","14","14"
"5356.937679854","16","16","16"
"5371.938745199","15","15","15"
"5386.938833999","14","14","14"
"5401.93840383","14","14","14"
"5416.939026795","9","9","9"
"5431.938594874","14","14","14"
"5446.93816982","15","15","15"
"5461.938841688","16","16","16"
"5476.937962728","14","14","14"
"5491.938147243","15","15","15"
"5506.93783744","16","16","16"
"5521.938761193","15","15","15"
"5536.938281693","15","15","15"
"5551.938488991","15","15","15"
"5566.938822071","15","15","15"
"5581.938278389","14","14","14"
"5596.93848732","13","13","13"
"5611.938819327","14","14","14"
"5626.937931186","15","15","15"
"5641.938776011","15","15","15"
"5656.93836997","14","14","14"
"5671.938871103","11","11","11"
"5686.938679705","15","15","15"
"5701.938233722","15","15","15"
"5716.938263277","14","14","14"
"5731.938054859","15","15","15"
"5746.938421455","13","13","13"
"5761.938202231","14","14","14"
"5776.938926809","15","15","15"
"5791.938071922","11","11","11"
"5806.938621984","14","14","14"
"5821.938940156","15","15","15"
"5836.938451146","17","17","17"
"5851.938236262","13","13","13"
"5866.93879581","14","14","14"
"5881.938700953","13","13","13"
"5896.937918315","15","15","15"
"5911.938299565","13","13","13"
"5926.938031054","17","17","17"
"5941.938158548","14","14","14"
"5956.938910437","14","14","14"
"5971.938191058","14","14","14"
"5986.938052614","14","14","14"
"6001.938707918","15","15","15"
"6016.938269159","15","15","15"
"6031.938259912","14","14","14"
"6046.937917779","15","15","15"
"6061.938214454","13","13","13"
"6076.938729657","15","15","15"
"6091.938109746","15","15","15"
"6106.937903666","15","15","15"
"6121.938606843","14","14","14"
"6136.938354597","13","13","13"
"6151.938280195","10","10","10"
"6166.938483515","13","13","13"
"6181.938243571","15","15","15"
"6196.938322523","14","14","14"
"6211.93804665","14","14","14"
"6226.938374689","15","15","15"
"6241.939006417","13","13","13"
"6256.93894096","14","14","14"
"6271.93882872","16","16","16"
"6286.938493069","15","15","15"
"6301.938284613","13","13","13"
"6316.938538985","15","15","15"
"6331.937946263","18","18","18"
"6346.938422436","16","16","16"
"6361.938660146","15","15","15"
"6376.938401917","13","13","13"
"6391.938605497","14","14","14"
"6406.93830731","15","15","15"
"6421.938836615","14","14","14"
"6436.938416564","15","15","15"
"6451.938733056","14","14","14"
"6466.938866745","15","15","15"
"6481.939094001","11","11","11"
"6496.938755717","14","14","14"
"6511.937869082","15","15","15"
"6526.938478121","15","15","15"
"6541.938686641","14","14","14"
"6556.938209147","14","14","14"
"6571.938800443","14","14","14"
"6586.938742127","13","13","13"
"6601.938714149","16","16","16"
"6616.937778915","14","14","14"
"6631.938312926","14","14","14"
"6646.938296025","3","3","3"
"6661.938229214","15","15","15"
"6676.938251145","14","14","14"
"6691.938788808","15","15","15"
"6706.938202966","15","15","15"
"6721.938311494","15","15","15"
"6736.937839105","15","15","15"
"6751.938307639","15","15","15"
"6766.938955202","14","14","14"
"6781.938664962","14","14","14"
"6796.938564419","15","15","15"
"6811.938678489","15","15","15"
"6826.938717129","14","14","14"
"6841.937935655","16","16","16"
"6856.938618639","13","13","13"
"6871.938102512","15","15","15"
"6886.938030174","15","15","15"
"6901.938693726","17","17","17"
"6916.938802453","15","15","15"
"6931.938693147","15","15","15"
"6946.937863075","13","13","13"
"6961.938810934","15","15","15"
"6976.938151976","14","14","14"
"6991.93818563","14","14","14"
"7006.93850353","14","14","14"
"7021.938742413","12","12","12"
"7036.938174031","15","15","15"
"7051.938765648","16","16","16"
"7066.938145462","14","14","14"
"7081.938463611","14","14","14"
"7096.938226966","13","13","13"
"7111.93847756","15","15","15"
"7126.938533946","13","13","13"
"7141.938467669","14","14","14"
"7156.938436926","15","15","15"
"7171.938668161","16","16","16"
"7186.938654003","14","14","14"
"7201.938028985","15","15","15"
"7216.938352823","15","15","15"
"7231.938483949","15","15","15"
"7246.938258672","14","14","14"
"7261.938310431","15","15","15"
"7276.93823325","14","14","14"
"7291.938696017","14","14","14"
"7306.937987034","14","14","14"
"7321.938795474","14","14","14"
"7336.938249065","14","14","14"
"7351.938215284","0","0","0"
"7366.938779323","15","15","15"
"7381.938112634","13","13","13"
"7396.938441584","15","15","15"
"7411.938550783","12","12","12"
"7426.938185578","14","14","14"
"7441.93879513","15","15","15"
"7456.938243373","17","17","17"
"7471.938056131","15","15","15"
"7486.938944898","13","13","13"
"7501.938178185","13","13","13"
"7516.938723552","17","17","17"
"7531.938159323","11","11","11"
"7546.938570558","15","15","15"
"7561.93850125","12","12","12"
"7576.937877673","13","13","13"
"7591.938134378","15","15","15"
"7606.938279426","14","14","14"
"7621.937901418","14","14","14"
"7636.93808864","15","15","15"
"7651.938370701","15","15","15"
"7666.937719548","13","13","13"
"7681.937969191","15","15","15"
"7696.937976329","14","14","14"
"7711.938232868","15","15","15"
"7726.938060918","15","15","15"
"7741.937937066","14","14","14"
"7756.938673362","13","13","13"
"7771.937567569","12","12","12"
"7786.938239455","10","10","10"
"7801.938348957","14","14","14"
"7816.938312783","14","14","14"
"7831.938299516","14","14","14"
"7846.938026368","15","15","15"
"7861.937999471","14","14","14"
"7876.938261902","22","22","22"
"7891.938609517","14","14","14"
"7906.938010274","14","14","14"
"7921.938030908","15","15","15"
"7936.937982304","14","14","14"
"7951.938763251","16","16","16"
"7966.938188321","18","18","18"
"7981.938571312","16","16","16"
"7996.93849118","14","14","14"
"8011.938086445","17","17","17"
"8026.938358626","20","20","20"
"8041.938098564","16","16","16"
"8056.937927983","12","12","12"
"8071.938781904","14","14","14"
"8086.939093468","16","16","16"
"8101.938338778","14","14","14"
"8116.938332736","14","14","14"
"8131.937779885","11","11","11"
"8146.938658371","14","14","14"
"8161.938317846","14","14","14"
"8176.93883499","15","15","15"
"8191.938017411","15","15","15"
"8206.938713722","16","16","16"
"8221.938043245","15","15","15"
"8236.938034877","14","14","14"
"8251.938082362","14","14","14"
"8266.938077704","14","14","14"
"8281.938302365","15","15","15"
"8296.938296625","14","14","14"
"8311.938771348","15","15","15"
"8326.938324351","14","14","14"
"8341.938349875","15","15","15"
"8356.938853822","14","14","14"
"8371.938540411","15","15","15"
"8386.938283958","15","15","15"
"8401.938469817","15","15","15"
"8416.938190529","15","15","15"
"8431.938665501","14","14","14"
"8446.938516562","14","14","14"
"8461.938632864","15","15","15"
"8476.938130497","15","15","15"
"8491.938397992","15","15","15"
"8506.938342036","15","15","15"
"8521.938357345","14","14","14"
"8536.938138218","14","14","14"
"8551.93828009","14","14","14"
"8566.93830903","5","5","5"
"8581.93891556","14","14","14"
"8596.938854271","15","15","15"
"8611.937962494","14","14","14"
"8626.938817817","11","11","11"
"8641.938612089","12","12","12"
"8656.93803762","13","13","13"
"8671.938026177","15","15","15"
"8686.93862201","15","15","15"
"8701.938365541","14","14","14"
"8716.938318763","15","15","15"
"8731.937850883","14","14","14"
"8746.938546309","15","15","15"
"8761.93883334","14","14","14"
"8776.938317539","13","13","13"
"8791.938501316","15","15","15"
"8806.938383613","15","15","15"
"8821.93853242","15","15","15"
"8836.938756911","14","14","14"
"8851.939259962","15","15","15"
"8866.938120605","15","15","15"
"8881.938040133","15","15","15"
"8896.937984719","15","15","15"
"8911.938429566","14","14","14"
"8926.937986389","15","15","15"
"8941.938914094","15","15","15"
"8956.938029746","14","14","14"
"8971.937867552","14","14","14"
"8986.938636904","15","15","15"
"9001.937817622","14","14","14"
"9016.938655091","16","16","16"
"9031.93885346","15","15","15"
"9046.938291326","15","15","15"
"9061.938335541","14","14","14"
"9076.938863406","17","17","17"
"9091.938554788","15","15","15"
"9106.937785294","14","14","14"
"9121.938551796","14","14","14"
"9136.938532011","14","14","14"
"9151.938090355","11","11","11"
"9166.938788849","11","11","11"
"9181.93783982","15","15","15"
"9196.937943656","15","15","15"
"9211.93855065","14","14","14"
"9226.937930381","16","16","16"
"9241.938631331","11","11","11"
"9256.937747874","15","15","15"
"9271.938736711","15","15","15"
"9286.938192566","15","15","15"
"9301.938422932","15","15","15"
"9316.937831293","14","14","14"
"9331.93863775","15","15","15"
"9346.938474036","14","14","14"
"9361.938227843","15","15","15"
"9376.938411925","16","16","16"
"9391.937963083","0","0","0"
"9406.9384487","15","15","15"
"9421.937849088","14","14","14"
"9436.938236594","14","14","14"
"9451.937935468","14","14","14"
"9466.938499971","17","17","17"
"9481.938703192","14","14","14"
"9496.938294053","15","15","15"
"9511.93849879","15","15","15"
"9526.938048273","13","13","13"
"9541.938194171","14","14","14"
"9556.938374876","11","11","11"
"9571.938459288","15","15","15"
"9586.938396119","14","14","14"
"9601.938383703","14","14","14"
"9616.938223276","15","15","15"
"9631.938667899","15","15","15"
"9646.938368461","14","14","14"
"9661.938602688","14","14","14"
"9676.938343763","15","15","15"
"9691.938824951","15","15","15"
"9706.937853742","14","14","14"
"9721.938910024","14","14","14"
"9736.938815399","15","15","15"
"9751.938023387","14","14","14"
"9766.937869866","15","15","15"
"9781.938553737","15","15","15"
"9796.938976578","15","15","15"
"9811.938357865","14","14","14"
"9826.938854528","14","14","14"
"9841.938558994","15","15","15"
"9856.938810417","16","16","16"
"9871.93806629","14","14","14"
"9886.938192158","14","14","14"
"9901.938865091","14","14","14"
"9916.93787105","16","16","16"
"9931.93865669","13","13","13"
"9946.938092469","13","13","13"
"9961.938801229","15","15","15"
"9976.938443133","15","15","15"
"9991.938880517","14","14","14"
"10006.938468848","14","14","14"
"10021.937965326","16","16","16"
"10036.93816935","15","15","15"
"10051.938406422","14","14","14"
"10066.938586924","15","15","15"
"10081.938467063","14","14","14"
"10096.938426146","0","0","0"
"10111.938715803","15","15","15"
"10126.938857087","15","15","15"
"10141.938030098","14","14","14"
"10156.938313349","15","15","15"
"10171.938714475","14","14","14"
"10186.938612956","15","15","15"
"10201.938208744","15","15","15"
"10216.938771812","14","14","14"
"10231.938840684","14","14","14"
"10246.938364946","14","14","14"
"10261.93830824","15","15","15"
"10276.938962932","14","14","14"
"10291.938771598","14","14","14"
"10306.938592763","16","16","16"
"10321.938319628","14","14","14"
"10336.938138624","13","13","13"
"10351.938825732","15","15","15"
"10366.938377418","14","14","14"
"10381.938731595","15","15","15"
"10396.938304675","14","14","14"
"10411.938798367","15","15","15"
"10426.938799519","14","14","14"
"10441.938576499","14","14","14"
"10456.938016724","15","15","15"
"10471.938457377","15","15","15"
"10486.937999514","13","13","13"
"10501.938103922","14","14","14"
"10516.938260569","15","15","15"
"10531.938653856","14","14","14"
"10546.938640533","13","13","13"
"10561.938462561","14","14","14"
"10576.938330687","14","14","14"
"10591.937819319","16","16","16"
"10606.938325699","14","14","14"
"10621.938183455","14","14","14"
"10636.938338662","14","14","14"
"10651.938398533","15","15","15"
"10666.93868632","14","14","14"
"10681.937992155","14","14","14"
"10696.937834039","14","14","14"
"10711.938475244","14","14","14"
"10726.938108728","13","13","13"
"10741.938800686","15","15","15"
"10756.938339019","14","14","14"
"10771.937916913","15","15","15"
"10786.938459716","15","15","15"
"10801.938807589","14","14","14"
"10816.938039577","14","14","14"
"10831.938007746","14","14","14"
"10846.93859934","15","15","15"
"10861.937688355","14","14","14"
"10876.938361596","14","14","14"
"10891.938278611","17","17","17"
"10906.937748168","15","15","15"
"10921.938148784","14","14","14"
"10936.938371013","16","16","16"
"10951.938049417","13","13","13"
"10966.93788886","15","15","15"
"10981.938146094","15","15","15"
"10996.938628649","14","14","14"
"11011.938313824","14","14","14"
"11026.938570167","15","15","15"
"11041.938976595","12","12","12"
"11056.939041625","12","12","12"
"11071.938237413","15","15","15"
"11086.938368952","14","14","14"
"11101.938870094","14","14","14"
"11116.938611066","17","17","17"
"11131.938018157","15","15","15"
"11146.938430467","14","14","14"
"11161.938848461","12","12","12"
"11176.938298745","14","14","14"
"11191.938546872","14","14","14"
"11206.938630501","15","15","15"
"11221.938289801","14","14","14"
"11236.938707069","14","14","14"
"11251.938535187","13","13","13"
"11266.938729222","15","15","15"
"11281.937996299","16","16","16"
"11296.938550515","14","14","14"
"11311.938758785","14","14","14"
"11326.938836871","14","14","14"
"11341.938386198","13","13","13"
"11356.938549444","14","14","14"
"11371.938703137","11","11","11"
"11386.937928198","15","15","15"
"11401.938331222","13","13","13"
"11416.938707832","14","14","14"
"11431.938228555","14","14","14"
"11446.938351645","14","14","14"
"11461.938690659","13","13","13"
"11476.938223106","15","15","15"
"11491.938244704","15","15","15"
"11506.938799482","15","15","15"
"11521.938577443","15","15","15"
"11536.938922767","14","14","14"
"11551.938363636","13","13","13"
"11566.938855411","14","14","14"
"11581.938622064","14","14","14"
"11596.938183572","13","13","13"
"11611.940298204","13","13","13"
"11626.938488584","15","15","15"
"11641.938727323","14","14","14"
"11656.938218878","14","14","14"
"11671.938748321","15","15","15"
"11686.938259721","15","15","15"
"11701.938804842","14","14","14"
"11716.938603239","15","15","15"
"11731.938022879","14","14","14"
"11746.938735448","14","14","14"
"11761.9384459","15","15","15"
"11776.938156847","16","16","16"
"11791.938386715","13","13","13"
"11806.938159712","14","14","14"
"11821.93904058","14","14","14"
"11836.938154338","14","14","14"
"11851.938262197","14","14","14"
"11866.938626667","16","16","16"
"11881.938753219","14","14","14"
"11896.938074083","15","15","15"
"11911.937920646","14","14","14"
"11926.938381394","15","15","15"
"11941.938132657","15","15","15"
"11956.938608218","12","12","12"
"11971.93882198","13","13","13"
"11986.93842064","14","14","14"
"12001.938001525","15","15","15"
"12016.938499989","15","15","15"
"12031.938029823","13","13","13"
"12046.938103658","14","14","14"
"12061.938328546","14","14","14"
"12076.938151916","14","14","14"
"12091.938075231","14","14","14"
"12106.937959825","15","15","15"
"12121.938484983","14","14","14"
"12136.938626631","15","15","15"
"12151.938737938","15","15","15"
"12166.938782918","0","0","0"
"12181.938539636","13","13","13"
"12196.93858168","17","17","17"
"12211.938934252","14","14","14"
"12226.938010575","17","17","17"
"12241.93859172","12","12","12"
"12256.938635146","15","15","15"
"12271.938492322","14","14","14"
"12286.938246278","14","14","14"
"12301.938679568","15","15","15"
"12316.9386022","13","13","13"
"12331.93800556","14","14","14"
"12346.938347072","14","14","14"
"12361.937909535","13","13","13"
"12376.938414579","15","15","15"
"12391.938355541","15","15","15"
"12406.938199585","13","13","13"
"12421.938431105","13","13","13"
"12436.93840988","12","12","12"
"12451.938350268","15","15","15"
"12466.938411374","14","14","14"
"12481.938163062","13","13","13"
"12496.938012868","14","14","14"
"12511.938747235","15","15","15"
"12526.938376274","14","14","14"
"12541.938771237","14","14","14"
"12556.938750973","13","13","13"
"12571.938258528","14","14","14"
"12586.938192341","14","14","14"
"12601.938605716","15","15","15"
"12616.93866043","14","14","14"
"12631.938968998","14","14","14"
"12646.938386568","15","15","15"
"12661.938017113","14","14","14"
"12676.938951321","15","15","15"
"12691.937984675","14","14","14"
"12706.938469811","13","13","13"
"12721.938287184","15","15","15"
"12736.938921391","14","14","14"
"12751.938345854","14","14","14"
"12766.938617961","14","14","14"
"12781.938384993","14","14","14"
"12796.938293612","14","14","14"
"12811.938927001","14","14","14"
"12826.938076115","14","14","14"
"12841.938522625","14","14","14"
"12856.938193573","15","15","15"
"12871.937928606","15","15","15"
"12886.938600092","13","13","13"
"12901.938478451","14","14","14"
"12916.938482843","14","14","14"
"12931.938684369","13","13","13"
"12946.938893646","13","13","13"
"12961.938671397","13","13","13"
"12976.938274186","14","14","14"
"12991.939053896","15","15","15"
"13006.939143334","15","15","15"
"13021.938624962","12","12","12"
"13036.938024152","14","14","14"
"13051.938050246","15","15","15"
"13066.938869352","13","13","13"
"13081.937965055","15","15","15"
"13096.938059243","15","15","15"
"13111.938734731","14","14","14"
"13126.938951479","15","15","15"
"13141.938246338","14","14","14"
"13156.938423886","14","14","14"
"13171.938662795","13","13","13"
"13186.938768105","15","15","15"
"13201.93804268","13","13","13"
"13216.937975843","14","14","14"
"13231.938613938","17","17","17"
"13246.938794788","16","16","16"
"13261.938423135","15","15","15"
"13276.937751494","11","11","11"
"13291.938457802","12","12","12"
"13306.938417681","13","13","13"
"13321.938229994","14","14","14"
"13336.938806183","16","16","16"
"13351.938076185","18","18","18"
"13366.938413204","14","14","14"
"13381.937865665","14","14","14"
"13396.938931157","14","14","14"
"13411.938514329","14","14","14"
"13426.93824217","15","15","15"
"13441.938779874","14","14","14"
"13456.937995108","14","14","14"
"13471.938650291","13","13","13"
"13486.938761281","11","11","11"
"13501.938616017","11","11","11"
"13516.938070232","16","16","16"
"13531.938866008","15","15","15"
"13546.938021968","11","11","11"
"13561.93820814","14","14","14"
"13576.938413625","14","14","14"
"13591.938340432","14","14","14"
"13606.937778679","16","16","16"
"13621.938187026","15","15","15"
"13636.938041773","15","15","15"
"13651.938366926","13","13","13"
"13666.938470242","14","14","14"
"13681.938714432","15","15","15"
"13696.938836286","14","14","14"
"13711.938886154","15","15","15"
"13726.939008341","15","15","15"
"13741.938752954","14","14","14"
"13756.93871347","15","15","15"
"13771.938561928","14","14","14"
"13786.938344308","15","15","15"
"13801.938451767","10","10","10"
"13816.938152164","0","0","0"
"13831.938271162","11","11","11"
"13846.938025084","16","16","16"
"13861.938526257","15","15","15"
"13876.938635448","12","12","12"
"13891.938683785","14","14","14"
"13906.937634125","15","15","15"
"13921.938199549","14","14","14"
"13936.938092694","14","14","14"
"13951.938495072","14","14","14"
"13966.938480639","15","15","15"
"13981.938406444","14","14","14"
"13996.93879802","15","15","15"
"14011.938019775","11","11","11"
"14026.938910955","14","14","14"
"14041.937697852","14","14","14"
"14056.937914692","11","11","11"
"14071.938525308","12","12","12"
"14086.938548133","14","14","14"
"14101.93820627","13","13","13"
"14116.938395576","14","14","14"
"14131.938255187","13","13","13"
"14146.938249818","14","14","14"
"14161.938131061","14","14","14"
"14176.938720446","15","15","15"
"14191.938004276","12","12","12"
"14206.938346157","14","14","14"
"14221.93836125","15","15","15"
"14236.938079149","12","12","12"
"14251.938804321","13","13","13"
"14266.938214005","13","13","13"
"14281.938068017","15","15","15"
"14296.93835541","11","11","11"
"14311.938150257","13","13","13"
"14326.938267793","15","15","15"
"14341.938126985","14","14","14"
"14356.938552525","14","14","14"
"14371.938327826","14","14","14"
"14386.938717894","14","14","14"
"14401.938586593","13","13","13"
"14416.937999862","14","14","14"
"14431.93813014","14","14","14"
"14446.938294712","15","15","15"
"14461.938620022","15","15","15"
"14476.938106636","15","15","15"
"14491.938204952","15","15","15"
"14506.939931139","14","14","14"
"14521.938785833","15","15","15"
"14536.938756294","13","13","13"
"14551.937846451","14","14","14"
"14566.938280629","15","15","15"
"14581.937963165","11","11","11"
"14596.938083176","15","15","15"
"14611.938444641","14","14","14"
"14626.938762078","12","12","12"
"14641.938862866","14","14","14"
"14656.93883736","14","14","14"
"14671.938640012","14","14","14"
"14686.938036613","14","14","14"
"14701.938713009","13","13","13"
"14716.938137917","13","13","13"
"14731.938328743","15","15","15"
"14746.937952042","14","14","14"
"14761.938392738","10","10","10"
"14776.938174202","15","15","15"
"14791.938929889","14","14","14"
"14806.938185604","17","17","17"
"14821.939433022","15","15","15"
"14836.937996117","15","15","15"
"14851.938662078","13","13","13"
"14866.93826438","15","15","15"
"14881.938837221","15","15","15"
"14896.938936695","14","14","14"
"14911.93809339","14","14","14"
"14926.938715275","15","15","15"
"14941.938098998","15","15","15"
"14956.938147851","12","12","12"
"14971.938464559","15","15","15"
"14986.93898834","13","13","13"
"15001.938467542","11","11","11"
"15016.937950688","16","16","16"
"15031.938758604","14","14","14"
"15046.938520651","13","13","13"
"15061.938387251","14","14","14"
"15076.939011021","15","15","15"
"15091.938715829","17","17","17"
"15106.938278427","12","12","12"
"15121.938565203","13","13","13"
"15136.938680876","14","14","14"
"15151.938128168","17","17","17"
"15166.938015687","13","13","13"
"15181.93881874","15","15","15"
"15196.938008175","15","15","15"
"15211.938367324","16","16","16"
"15226.938337246","14","14","14"
"15241.938055933","11","11","11"
"15256.938234597","15","15","15"
"15271.938567178","14","14","14"
"15286.938563111","15","15","15"
"15301.938810101","14","14","14"
"15316.938760131","15","15","15"
"15331.938601662","14","14","14"
"15346.938877658","17","17","17"
"15361.937806115","14","14","14"
"15376.937710054","14","14","14"
"15391.938758677","15","15","15"
"15406.938603112","14","14","14"
"15421.937845136","13","13","13"
"15436.938084029","15","15","15"
"15451.93837587","15","15","15"
"15466.938056606","14","14","14"
"15481.938790081","13","13","13"
"15496.938094592","14","14","14"
"15511.938493645","16","16","16"
"15526.937978063","13","13","13"
"15541.938343137","16","16","16"
"15556.93790772","13","13","13"
"15571.938538863","14","14","14"
"15586.938503163","15","15","15"
"15601.937762428","13","13","13"
"15616.938715709","14","14","14"
"15631.938180136","14","14","14"
"15646.937769489","14","14","14"
"15661.938354868","15","15","15"
"15676.937865578","15","15","15"
"15691.938662715","15","15","15"
"15706.938475056","15","15","15"
"15721.938281115","15","15","15"
"15736.938345582","14","14","14"
"15751.938456019","17","17","17"
"15766.938597082","14","14","14"
"15781.938520881","15","15","15"
"15796.938421859","14","14","14"
"15811.938018873","17","17","17"
"15826.937810107","15","15","15"
"15841.93808092","17","17","17"
"15856.93810572","13","13","13"
"15871.938474647","14","14","14"
"15886.938756882","15","15","15"
"15901.937628531","14","14","14"
"15916.938653126","15","15","15"
"15931.937793569","14","14","14"
"15946.93781299","14","14","14"
"15961.938685426","15","15","15"
"15976.938873552","13","13","13"
"15991.938292965","14","14","14"
"16006.937970982","14","14","14"
"16021.938666708","15","15","15"
"16036.938418075","15","15","15"
"16051.938633972","15","15","15"
"16066.938137878","14","14","14"
"16081.938177274","14","14","14"
"16096.938353738","14","14","14"
"16111.93830114","17","17","17"
"16126.938035321","14","14","14"
"16141.938417105","15","15","15"
"16156.938634144","13","13","13"
"16171.938556219","14","14","14"
"16186.938285243","14","14","14"
"16201.938692067","15","15","15"
"16216.938595952","15","15","15"
"16231.938166345","14","14","14"
"16246.937750087","15","15","15"
"16261.938364423","13","13","13"
"16276.938692678","15","15","15"
"16291.938521375","13","13","13"
"16306.938019069","15","15","15"
"16321.938488583","15","15","15"
"16336.938601499","14","14","14"
"16351.93869192","14","14","14"
"16366.938866681","13","13","13"
"16381.938957135","14","14","14"
"16396.937996457","14","14","14"
"16411.937856793","15","15","15"
"16426.938142506","15","15","15"
"16441.937834258","14","14","14"
"16456.938499526","12","12","12"
"16471.938687109","16","16","16"
"16486.938529687","14","14","14"
"16501.938720833","14","14","14"
"16516.938291187","15","15","15"
"16531.938191538","14","14","14"
"16546.938642924","15","15","15"
"16561.938165929","12","12","12"
"16576.938193478","15","15","15"
"16591.938434564","14","14","14"
"16606.938164137","15","15","15"
"16621.938139045","13","13","13"
"16636.938587462","14","14","14"
"16651.938443964","13","13","13"
"16666.937901377","15","15","15"
"16681.938732985","16","16","16"
"16696.938497901","15","15","15"
"16711.938315089","12","12","12"
"16726.93845317","13","13","13"
"16741.938206122","14","14","14"
"16756.938528012","15","15","15"
"16771.938768159","13","13","13"
"16786.938674636","15","15","15"
"16801.938483864","15","15","15"
"16816.938029016","15","15","15"
"16831.938261895","14","14","14"
"16846.938566389","15","15","15"
"16861.93861177","14","14","14"
"16876.93786984","14","14","14"
"16891.938163235","14","14","14"
"16906.938560394","14","14","14"
"16921.938253226","13","13","13"
"16936.938281454","15","15","15"
"16951.938901289","15","15","15"
"16966.938548434","15","15","15"
"16981.938308167","14","14","14"
"16996.938904903","14","14","14"
"17011.937865538","14","14","14"
"17026.938115339","17","17","17"
"17041.938313859","15","15","15"
"17056.938194378","17","17","17"
"17071.938950965","14","14","14"
"17086.938483789","13","13","13"
"17101.938335935","12","12","12"
"17116.938201964","17","17","17"
"17131.938931091","17","17","17"
"17146.938114149","15","15","15"
"17161.938690085","14","14","14"
"17176.938513813","15","15","15"
"17191.938464465","14","14","14"
"17206.938756112","14","14","14"
"17221.937878687","12","12","12"
"17236.938356199","15","15","15"
"17251.938277563","15","15","15"
"17266.938880648","14","14","14"
"17281.938596372","15","15","15"
"17296.938560212","14","14","14"
"17311.938136279","15","15","15"
"17326.938623555","14","14","14"
"17341.938227884","15","15","15"
"17356.938580724","14","14","14"
"17371.938004523","14","14","14"
"17386.938305908","15","15","15"
"17401.938748367","15","15","15"
"17416.937959513","14","14","14"
"17431.938319851","16","16","16"
"17446.938374678","15","15","15"
"17461.938514956","13","13","13"
"17476.938414616","13","13","13"
"17491.938341509","13","13","13"
"17506.938389782","15","15","15"
"17521.937946171","15","15","15"
"17536.938519404","14","14","14"
"17551.938541531","12","12","12"
"17566.938946153","13","13","13"
"17581.938330711","14","14","14"
"17596.938214406","14","14","14"
"17611.938749839","13","13","13"
"17626.938087008","15","15","15"
"17641.938580991","15","15","15"
"17656.938792275","14","14","14"
"17671.938019591","14","14","14"
"17686.93869512","16","16","16"
"17701.938746707","15","15","15"
"17716.938452073","17","17","17"
"17731.93798762","17","17","17"
"17746.938798787","14","14","14"
"17761.938453288","13","13","13"
"17776.938594612","15","15","15"
"17791.938622801","14","14","14"
"17806.937734606","14","14","14"
"17821.938731367","14","14","14"
"17836.938919636","15","15","15"
"17851.938950258","13","13","13"
"17866.938794784","17","17","17"
"17881.938728161","14","14","14"
"17896.938273347","14","14","14"
"17911.938585854","17","17","17"
"17926.938014295","14","14","14"
"17941.938313293","13","13","13"
"17956.938022593","15","15","15"
"17971.937800955","14","14","14"
"17986.938227712","14","14","14"
"18001.938720217","17","17","17"
"18016.93832667","13","13","13"
"18031.938649846","14","14","14"
"18046.938376778","14","14","14"
"18061.938695548","14","14","14"
"18076.93848181","13","13","13"
"18091.937963673","15","15","15"
"18106.938065729","17","17","17"
"18121.937957783","13","13","13"
"18136.938335999","14","14","14"
"18151.938756841","13","13","13"
"18166.938422002","14","14","14"
"18181.938136747","14","14","14"
"18196.93821923","13","13","13"
"18211.938608645","15","15","15"
"18226.938528759","14","14","14"
"18241.938334993","15","15","15"
"18256.9387972","15","15","15"
"18271.937887231","14","14","14"
"18286.938526659","13","13","13"
"18301.938505503","13","13","13"
"18316.938516321","14","14","14"
"18331.93835804","15","15","15"
"18346.938251524","15","15","15"
"18361.938800868","15","15","15"
"18376.938370192","13","13","13"
"18391.9379252","14","14","14"
"18406.938488853","13","13","13"
"18421.93889865","14","14","14"
"18436.938579538","16","16","16"
"18451.938484385","15","15","15"
"18466.938165631","13","13","13"
"18481.938765657","11","11","11"
"18496.93828042","15","15","15"
"18511.938124441","13","13","13"
"18526.938211242","15","15","15"
"18541.939035717","15","15","15"
"18556.938747032","14","14","14"
"18571.938799378","14","14","14"
"18586.938296051","14","14","14"
"18601.938852385","12","12","12"
"18616.938178891","17","17","17"
"18631.938569947","15","15","15"
"18646.938491104","14","14","14"
"18661.938860248","13","13","13"
"18676.938497404","17","17","17"
"18691.938757372","14","14","14"
"18706.938275608","15","15","15"
"18721.938178866","15","15","15"
"18736.93873317","14","14","14"
"18751.938836814","15","15","15"
"18766.938327664","14","14","14"
"18781.93820614","15","15","15"
"18796.938241273","15","15","15"
"18811.939122225","15","15","15"
"18826.938455952","0","0","0"
"18841.93888927","15","15","15"
"18856.93847341","15","15","15"
"18871.938077852","12","12","12"
"18886.938173727","13","13","13"
"18901.938425798","12","12","12"
"18916.938155159","17","17","17"
"18931.938630766","13","13","13"
"18946.938686802","14","14","14"
"18961.938812543","17","17","17"
"18976.938207747","14","14","14"
"18991.938531267","14","14","14"
"19006.938573925","16","16","16"
"19021.938411283","15","15","15"
"19036.938320551","13","13","13"
"19051.938716769","11","11","11"
"19066.938184849","14","14","14"
"19081.938916327","16","16","16"
"19096.938381393","13","13","13"
"19111.937976567","14","14","14"
"19126.939023481","14","14","14"
"19141.938339354","15","15","15"
"19156.938800797","13","13","13"
"19171.938498197","14","14","14"
"19186.938904866","13","13","13"
"19201.938635973","14","14","14"
"19216.938306096","15","15","15"
"19231.938852969","14","14","14"
"19246.938870333","15","15","15"
"19261.938416063","15","15","15"
"19276.938493777","14","14","14"
"19291.938128942","15","15","15"
"19306.937904121","15","15","15"
"19321.938555398","15","15","15"
"19336.938106097","14","14","14"
"19351.938002573","14","14","14"
"19366.938205969","15","15","15"
"19381.938493446","15","15","15"
"19396.938569482","15","15","15"
"19411.938344307","11","11","11"
"19426.938137561","14","14","14"
"19441.938722921","15","15","15"
"19456.937762763","15","15","15"
"19471.938052132","14","14","14"
"19486.938858746","15","15","15"
"19501.938184373","14","14","14"
"19516.937895859","14","14","14"
"19531.938213207","14","14","14"
"19546.938709569","14","14","14"
"19561.938632515","15","15","15"
"19576.939512171","15","15","15"
"19591.938482549","14","14","14"
"19606.93852091","15","15","15"
"19621.938094088","14","14","14"
"19636.938287257","17","17","17"
"19651.938186209","13","13","13"
"19666.938354679","12","12","12"
"19681.938915363","15","15","15"
"19696.938039964","14","14","14"
"19711.937887212","14","14","14"
"19726.938282008","14","14","14"
"19741.938486344","15","15","15"
"19756.938351452","15","15","15"
"19771.938846639","15","15","15"
"19786.938758439","15","15","15"
"19801.938072683","14","14","14"
"19816.938617434","14","14","14"
"19831.937872613","15","15","15"
"19846.938884222","13","13","13"
"19861.938761358","15","15","15"
"19876.938108636","16","16","16"
"19891.938831117","14","14","14"
"19906.938191081","14","14","14"
"19921.93800234","15","15","15"
"19936.938416198","15","15","15"
"19951.938583083","14","14","14"
"19966.937882135","13","13","13"
"19981.938130054","14","14","14"
"19996.938786206","14","14","14"
"20011.938330797","14","14","14"
"20026.938383472","13","13","13"
"20041.938569342","12","12","12"
"20056.938652713","15","15","15"
"20071.938557649","15","15","15"
"20086.93811184","15","15","15"
"20101.940332926","14","14","14"
"20116.938079087","14","14","14"
"20131.938679336","14","14","14"
"20146.938112784","15","15","15"
"20161.938561621","15","15","15"
"20176.938563775","14","14","14"
"20191.937961489","17","17","17"
"20206.938284361","13","13","13"
"20221.938321913","14","14","14"
"20236.938916507","16","16","16"
"20251.938714729","13","13","13"
"20266.93855852","14","14","14"
"20281.938721237","15","15","15"
"20296.938025947","15","15","15"
"20311.938126631","15","15","15"
"20326.938759338","11","11","11"
"20341.938791368","13","13","13"
"20356.938758611","15","15","15"
"20371.938378777","12","12","12"
"20386.937863429","14","14","14"
"20401.938158409","15","15","15"
"20416.938066601","15","15","15"
"20431.938325502","13","13","13"
"20446.938707266","15","15","15"
"20461.938763729","15","15","15"
"20476.938166193","15","15","15"
"20491.937932221","14","14","14"
"20506.937907957","13","13","13"
"20521.938310386","14","14","14"
"20536.937942705","13","13","13"
"20551.938799539","15","15","15"
"20566.938785176","12","12","12"
"20581.938472523","20","20","20"
"20596.937891293","14","14","14"
"20611.938194773","16","16","16"
"20626.938272938","12","12","12"
"20641.938550547","13","13","13"
"20656.938422572","13","13","13"
"20671.938495738","14","14","14"
"20686.938105776","16","16","16"
"20701.938246036","14","14","14"
"20716.93860795","14","14","14"
"20731.938727205","15","15","15"
"20746.938173825","14","14","14"
"20761.938314427","15","15","15"
"20776.938221735","14","14","14"
"20791.937958669","13","13","13"
"20806.938433261","15","15","15"
"20821.938765763","14","14","14"
"20836.938721501","17","17","17"
"20851.938207332","14","14","14"
"20866.937926618","13","13","13"
"20881.938023641","15","15","15"
"20896.938353342","15","15","15"
"20911.938816615","15","15","15"
"20926.938153557","13","13","13"
"20941.93844959","0","0","0"
"20956.938833714","14","14","14"
"20971.938682574","13","13","13"
"20986.938539279","11","11","11"
"21001.938824746","0","0","0"
"21016.938594169","14","14","14"
"21031.938788817","15","15","15"
"21046.938427679","14","14","14"
"21061.938130039","15","15","15"
"21076.938005543","15","15","15"
"21091.938357662","11","11","11"
"21106.938484949","14","14","14"
"21121.938720218","18","18","18"
"21136.938436364","12","12","12"
"21151.938637555","15","15","15"
"21166.937917109","14","14","14"
"21181.938828332","15","15","15"
"21196.938796511","10","10","10"
"21211.938582909","13","13","13"
"21226.93791064","13","13","13"
"21241.938482386","13","13","13"
"21256.938122207","15","15","15"
"21271.943353028","15","15","15"
"21286.938481898","14","14","14"
"21301.938463921","14","14","14"
"21316.938723049","14","14","14"
"21331.937838517","14","14","14"
"21346.93840688","15","15","15"
"21361.93866549","15","15","15"
"21376.938739519","14","14","14"
"21391.938469302","13","13","13"
"21406.938134531","15","15","15"
"21421.938227799","15","15","15"
"21436.937863217","14","14","14"
"21451.938167811","13","13","13"
"21466.938539783","15","15","15"
"21481.938160198","13","13","13"
"21496.938245312","15","15","15"
"21511.938430898","17","17","17"
"21526.93811388","13","13","13"
"21541.938252803","14","14","14"
"21556.938529066","17","17","17"
"21571.938378359","17","17","17"
"21586.938659586","13","13","13"
"21601.938295648","12","12","12"
"21616.938238179","11","11","11"
"21631.938034122","13","13","13"
"21646.938002782","15","15","15"
"21661.938083374","14","14","14"
"21676.938442074","14","14","14"
"21691.937912038","14","14","14"
"21706.938510359","14","14","14"
"21721.937991204","14","14","14"
"21736.938103343","14","14","14"
"21751.937983536","14","14","14"
"21766.938565657","14","14","14"
"21781.938256545","14","14","14"
"21796.937846233","15","15","15"
"21811.938096649","15","15","15"
"21826.9385698","16","16","16"
"21841.938723034","15","15","15"
"21856.939093405","17","17","17"
"21871.938495906","14","14","14"
"21886.938312253","16","16","16"
"21901.938381287","14","14","14"
"21916.938799986","14","14","14"
"21931.937871861","13","13","13"
"21946.93798271","13","13","13"
"21961.938007802","13","13","13"
"21976.938907838","14","14","14"
"21991.938225431","12","12","12"
"22006.938279308","15","15","15"
"22021.937985199","15","15","15"
"22036.93868259","14","14","14"
"22051.938091909","15","15","15"
"22066.938830927","15","15","15"
"22081.938711721","12","12","12"
"22096.93843107","14","14","14"
"22111.937919906","15","15","15"
"22126.938076871","15","15","15"
"22141.937979567","15","15","15"
"22156.937891026","13","13","13"
"22171.938471479","14","14","14"
"22186.938019815","13","13","13"
"22201.938713979","16","16","16"
"22216.938217939","16","16","16"
"22231.938666448","14","14","14"
"22246.939049994","12","12","12"
"22261.938546495","14","14","14"
"22276.938167489","14","14","14"
"22291.938926519","14","14","14"
"22306.938249292","15","15","15"
"22321.938347495","15","15","15"
"22336.938461309","17","17","17"
"22351.938093312","17","17","17"
"22366.938025785","15","15","15"
"22381.938775198","12","12","12"
"22396.938134798","13","13","13"
"22411.93797295","15","15","15"
"22426.938917262","12","12","12"
"22441.938499092","15","15","15"
"22456.938635613","15","15","15"
"22471.938399652","13","13","13"
"22486.938339202","14","14","14"
"22501.938624059","14","14","14"
"22516.938746982","15","15","15"
"22531.93794116","14","14","14"
"22546.93815179","14","14","14"
"22561.938361555","12","12","12"
"22576.938466242","13","13","13"
"22591.937951958","14","14","14"
"22606.938535087","17","17","17"
"22621.938874005","15","15","15"
"22636.937896153","15","15","15"
"22651.938518877","17","17","17"
"22666.938049888","14","14","14"
"22681.93796753","14","14","14"
"22696.937845563","14","14","14"
"22711.938819849","17","17","17"
"22726.938369422","14","14","14"
"22741.938305814","16","16","16"
"22756.938814078","16","16","16"
"22771.938705169","17","17","17"
"22786.938262775","14","14","14"
"22801.938399846","14","14","14"
"22816.938884117","10","10","10"
"22831.938329053","14","14","14"
"22846.938366359","14","14","14"
"22861.938505777","15","15","15"
"22876.938521198","15","15","15"
"22891.938042699","13","13","13"
"22906.938195693","15","15","15"
"22921.938390162","14","14","14"
"22936.938573054","15","15","15"
"22951.938685862","12","12","12"
"22966.938073413","14","14","14"
"22981.937931222","14","14","14"
"22996.938560252","15","15","15"
"23011.938286227","14","14","14"
"23026.938531145","14","14","14"
"23041.938545551","14","14","14"
"23056.938672765","15","15","15"
"23071.938135817","15","15","15"
"23086.937915817","14","14","14"
"23101.938106159","15","15","15"
"23116.938577438","12","12","12"
"23131.938423043","15","15","15"
"23146.937966762","14","14","14"
"23161.938513343","15","15","15"
"23176.938186475","14","14","14"
"23191.938530245","13","13","13"
"23206.940191359","0","0","0"
"23221.938887602","14","14","14"
"23236.938490349","15","15","15"
"23251.938698243","15","15","15"
"23266.938671079","15","15","15"
"23281.938179558","14","14","14"
"23296.93844463","16","16","16"
"23311.938120203","14","14","14"
"23326.938010157","10","10","10"
"23341.938466951","12","12","12"
"23356.938272177","14","14","14"
"23371.938795315","16","16","16"
"23386.938648893","14","14","14"
"23401.938340459","14","14","14"
"23416.938697798","15","15","15"
"23431.938766834","15","15","15"
"23446.938802479","14","14","14"
"23461.938633728","15","15","15"
"23476.938344133","14","14","14"
"23491.93897523","11","11","11"
"23506.938043807","13","13","13"
"23521.93836963","12","12","12"
"23536.938790128","15","15","15"
"23551.938168496","14","14","14"
"23566.938897887","12","12","12"
"23581.93874767","14","14","14"
"23596.937997929","15","15","15"
"23611.938134612","13","13","13"
"23626.938802556","13","13","13"
"23641.938890279","13","13","13"
"23656.938628027","9","9","9"
"23671.940472236","13","13","13"
"23686.938759318","16","16","16"
"23701.938481347","17","17","17"
"23716.938765976","13","13","13"
"23731.93868435","15","15","15"
"23746.938293402","15","15","15"
"23761.938222849","15","15","15"
"23776.938645816","14","14","14"
"23791.938531381","13","13","13"
"23806.938182347","14","14","14"
"23821.938882287","13","13","13"
"23836.938560091","13","13","13"
"23851.938242373","11","11","11"
"23866.938806559","15","15","15"
"23881.938685899","15","15","15"
"23896.938844627","14","14","14"
"23911.938979063","14","14","14"
"23926.93852615","14","14","14"
"23941.938651661","15","15","15"
"23956.938324753","14","14","14"
"23971.938928437","14","14","14"
"23986.938338368","15","15","15"
"24001.938101155","14","14","14"
"24016.938812446","14","14","14"
"24031.93829403","15","15","15"
"24046.938340962","13","13","13"
"24061.93790774","16","16","16"
"24076.938112911","15","15","15"
"24091.938927107","14","14","14"
"24106.93860505","15","15","15"
"24121.93830777","17","17","17"
"24136.93869636","14","14","14"
"24151.93805647","14","14","14"
"24166.937871897","14","14","14"
"24181.938184926","17","17","17"
"24196.938449959","14","14","14"
"24211.939506492","15","15","15"
"24226.938546677","15","15","15"
"24241.938438571","15","15","15"
"24256.938309576","14","14","14"
"24271.93829041","15","15","15"
"24286.938557545","11","11","11"
"24301.93808743","13","13","13"
"24316.938933761","14","14","14"
"24331.938462639","14","14","14"
"24346.938295387","13","13","13"
"24361.938590689","14","14","14"
"24376.938715849","14","14","14"
"24391.938773445","15","15","15"
"24406.938542349","12","12","12"
"24421.938568553","14","14","14"
"24436.93874773","13","13","13"
"24451.938893789","15","15","15"
"24466.938036622","15","15","15"
"24481.938070058","14","14","14"
"24496.938499571","14","14","14"
"24511.937656916","15","15","15"
"24526.93882857","14","14","14"
"24541.937920978","15","15","15"
"24556.938277143","13","13","13"
"24571.938190905","10","10","10"
"24586.938767431","14","14","14"
"24601.938577918","14","14","14"
"24616.938806369","13","13","13"
"24631.938682736","15","15","15"
"24646.938416395","14","14","14"
"24661.938132482","14","14","14"
"24676.938212889","13","13","13"
"24691.937895928","14","14","14"
"24706.938783678","15","15","15"
"24721.938187083","14","14","14"
"24736.938602714","14","14","14"
"24751.938024215","14","14","14"
"24766.938627088","15","15","15"
"24781.938867791","12","12","12"
"24796.937954527","15","15","15"
"24811.937841284","15","15","15"
"24826.938052127","15","15","15"
"24841.938299053","15","15","15"
"24856.938397878","17","17","17"
"24871.938421488","14","14","14"
"24886.938822309","10","10","10"
"24901.938291073","14","14","14"
"24916.938308154","16","16","16"
"24931.938280452","14","14","14"
"24946.938958672","12","12","12"
"24961.938856515","15","15","15"
"24976.938690687","13","13","13"
"24991.938749896","14","14","14"
"25006.938042511","17","17","17"
"25021.93962338","15","15","15"
"25036.938321333","14","14","14"
"25051.938489125","14","14","14"
"25066.938207639","14","14","14"
"25081.938549229","14","14","14"
"25096.938880306","15","15","15"
"25111.938765487","15","15","15"
"25126.937866397","14","14","14"
"25141.938186636","17","17","17"
"25156.938148278","14","14","14"
"25171.938323378","14","14","14"
"25186.938131656","14","14","14"
"25201.938331009","15","15","15"
"25216.93842489","15","15","15"
"25231.938119302","14","14","14"
"25246.938681696","11","11","11"
"25261.938730681","15","15","15"
"25276.938758471","16","16","16"
"25291.938111119","14","14","14"
"25306.93874481","15","15","15"
"25321.937915237","14","14","14"
"25336.938908001","12","12","12"
"25351.9379727","14","14","14"
"25366.938392654","15","15","15"
"25381.938813714","15","15","15"
"25396.938406464","13","13","13"
"25411.938285841","17","17","17"
"25426.937858999","14","14","14"
"25441.938400045","14","14","14"
"25456.937826821","15","15","15"
"25471.93899443","12","12","12"
"25486.938835108","13","13","13"
"25501.938236933","16","16","16"
"25516.939028845","13","13","13"
"25531.938285454","14","14","14"
"25546.938171071","16","16","16"
"25561.938863996","13","13","13"
"25576.938088704","15","15","15"
"25591.938355216","13","13","13"
"25606.938619573","13","13","13"
"25621.938295061","13","13","13"
"25636.938776231","14","14","14"
"25651.938461784","11","11","11"
"25666.938475123","13","13","13"
"25681.938167171","15","15","15"
"25696.938281992","14","14","14"
"25711.938489031","13","13","13"
"25726.938612477","14","14","14"
"25741.938771756","16","16","16"
"25756.937857918","15","15","15"
"25771.938561917","17","17","17"
"25786.938818196","14","14","14"
"25801.938815629","15","15","15"
"25816.938053771","17","17","17"
"25831.93903429","14","14","14"
"25846.938248003","14","14","14"
"25861.93863652","11","11","11"
"25876.938385059","15","15","15"
"25891.93789976","14","14","14"
"25906.937934918","13","13","13"
"25921.938103051","15","15","15"
"25936.93861161","14","14","14"
"25951.938934509","17","17","17"
"25966.937785794","15","15","15"
"25981.938835192","13","13","13"
"25996.938925259","15","15","15"
"26011.938468708","12","12","12"
"26026.938481799","15","15","15"
"26041.938598738","14","14","14"
"26056.938719689","14","14","14"
"26071.938971376","14","14","14"
"26086.938212793","14","14","14"
"26101.93888691","15","15","15"
"26116.939007493","13","13","13"
"26131.93882246","13","13","13"
"26146.938943007","14","14","14"
"26161.938309153","13","13","13"
"26176.938219615","13","13","13"
"26191.938316622","14","14","14"
"26206.938823834","15","15","15"
"26221.938514319","14","14","14"
"26236.938277965","14","14","14"
"26251.938462946","15","15","15"
"26266.938634436","17","17","17"
"26281.938084399","15","15","15"
"26296.938013392","14","14","14"
"26311.93807874","15","15","15"
"26326.93813394","14","14","14"
"26341.938159137","13","13","13"
"26356.938695988","13","13","13"
"26371.938661767","17","17","17"
"26386.938648173","14","14","14"
"26401.938165855","13","13","13"
"26416.938540719","14","14","14"
"26431.93810892","15","15","15"
"26446.938039871","14","14","14"
"26461.938575389","14","14","14"
"26476.937883676","14","14","14"
"26491.938483542","14","14","14"
"26506.938256645","14","14","14"
"26521.938584988","14","14","14"
"26536.93878719","14","14","14"
"26551.93832128","17","17","17"
"26566.937986824","13","13","13"
"26581.938326233","13","13","13"
"26596.938625205","15","15","15"
"26611.938254176","15","15","15"
"26626.938979739","14","14","14"
"26641.938493273","14","14","14"
"26656.938412274","14","14","14"
"26671.938151408","14","14","14"
"26686.93850739","12","12","12"
"26701.938015006","14","14","14"
"26716.938638076","13","13","13"
"26731.938644624","15","15","15"
"26746.937923584","14","14","14"
"26761.938235007","14","14","14"
"26776.938509136","14","14","14"
"26791.938229391","15","15","15"
"26806.938360766","13","13","13"
"26821.938339469","15","15","15"
"26836.938802884","14","14","14"
"26851.937913071","15","15","15"
"26866.937988527","15","15","15"
"26881.938469162","14","14","14"
"26896.938612342","14","14","14"
"26911.938882479","14","14","14"
"26926.938471466","15","15","15"
"26941.938174737","14","14","14"
"26956.938431272","15","15","15"
"26971.93884095","14","14","14"
"26986.938080754","14","14","14"
"27001.938653305","15","15","15"
"27016.938909839","14","14","14"
"27031.937922445","10","10","10"
"27046.938403792","11","11","11"
"27061.938559567","16","16","16"
"27076.938112303","14","14","14"
"27091.938841216","14","14","14"
"27106.938503055","13","13","13"
"27121.938982781","13","13","13"
"27136.938361409","13","13","13"
"27151.938540565","14","14","14"
"27166.938920223","13","13","13"
"27181.938659436","15","15","15"
"27196.938193021","15","15","15"
"27211.937655249","13","13","13"
"27226.938675948","15","15","15"
"27241.93859997","13","13","13"
"27256.938100325","14","14","14"
"27271.938343517","13","13","13"
"27286.938111691","15","15","15"
"27301.938582772","13","13","13"
"27316.938515584","14","14","14"
"27331.938157651","13","13","13"
"27346.938492435","16","16","16"
"27361.938301878","14","14","14"
"27376.93800551","14","14","14"
"27391.938091289","14","14","14"
"27406.938637155","14","14","14"
"27421.938522948","13","13","13"
"27436.938272366","13","13","13"
"27451.93824833","0","0","0"
"27466.938435537","13","13","13"
"27481.938622847","13","13","13"
"27496.938768607","17","17","17"
"27511.938254671","14","14","14"
"27526.938298805","14","14","14"
"27541.938733971","13","13","13"
"27556.9390083","15","15","15"
"27571.938634066","14","14","14"
"27586.938128994","15","15","15"
"27601.938517109","14","14","14"
"27616.938987477","13","13","13"
"27631.938352185","14","14","14"
"27646.93878993","16","16","16"
"27661.938954033","14","14","14"
"27676.938763476","14","14","14"
"27691.938584377","16","16","16"
"27706.938411507","17","17","17"
"27721.938332034","14","14","14"
"27736.938208243","14","14","14"
"27751.938092216","15","15","15"
"27766.938373227","10","10","10"
"27781.937980501","14","14","14"
"27796.938094328","15","15","15"
"27811.938206084","13","13","13"
"27826.938528994","14","14","14"
"27841.938639411","14","14","14"
"27856.938618398","13","13","13"
"27871.938206941","17","17","17"
"27886.938502939","15","15","15"
"27901.937931338","14","14","14"
"27916.938871733","15","15","15"
"27931.93821607","15","15","15"
"27946.938113263","14","14","14"
"27961.938103805","15","15","15"
"27976.938509465","14","14","14"
"27991.937946305","13","13","13"
"28006.938022602","13","13","13"
"28021.93873994","13","13","13"
"28036.938638397","14","14","14"
"28051.93888091","14","14","14"
"28066.938190446","15","15","15"
"28081.937943573","15","15","15"
"28096.937901981","14","14","14"
"28111.938207958","14","14","14"
"28126.938262565","16","16","16"
"28141.938549138","14","14","14"
"28156.938772206","14","14","14"
"28171.937878295","14","14","14"
"28186.938573087","17","17","17"
"28201.938766268","15","15","15"
"28216.938645156","17","17","17"
"28231.938064246","13","13","13"
"28246.93783048","15","15","15"
"28261.938117503","17","17","17"
"28276.938233679","13","13","13"
"28291.93842177","16","16","16"
"28306.938354616","14","14","14"
"28321.93833054","12","12","12"
"28336.9380944","15","15","15"
"28351.938408555","15","15","15"
"28366.938703944","14","14","14"
"28381.93865851","13","13","13"
"28396.938866899","15","15","15"
"28411.93861929","13","13","13"
"28426.938173021","15","15","15"
"28441.938352963","14","14","14"
"28456.938281268","15","15","15"
"28471.938053064","14","14","14"
"28486.938080509","14","14","14"
"28501.938042972","15","15","15"
"28516.938681664","15","15","15"
"28531.93805991","15","15","15"
"28546.938232845","13","13","13"
"28561.938433989","15","15","15"
"28576.938049406","13","13","13"
"28591.937827206","13","13","13"
"28606.938140645","13","13","13"
"28621.93852944","14","14","14"
"28636.938871925","15","15","15"
"28651.937826894","13","13","13"
"28666.938253036","15","15","15"
"28681.938572466","14","14","14"
"28696.937718709","13","13","13"
"28711.938045568","16","16","16"
"28726.938030463","14","14","14"
"28741.938804441","14","14","14"
"28756.938691627","16","16","16"
"28771.938440801","15","15","15"
"28786.938114158","15","15","15"
"28801.938655037","15","15","15"
"28816.93808839","14","14","14"
"28831.938606143","14","14","14"
"28846.938425179","15","15","15"
"28861.937976857","14","14","14"
"28876.937856765","14","14","14"
"28891.938246579","15","15","15"
"28906.937947942","15","15","15"
"28921.938802868","14","14","14"
"28936.938324757","15","15","15"
"28951.938725784","15","15","15"
"28966.938260232","15","15","15"
"28981.938573136","14","14","14"
"28996.938420355","12","12","12"
"29011.937916846","15","15","15"
"29026.938389837","15","15","15"
"29041.938867639","15","15","15"
"29056.9387299","14","14","14"
"29071.938019458","14","14","14"
"29086.937998149","15","15","15"
"29101.938283699","15","15","15"
"29116.938437386","14","14","14"
"29131.938494123","15","15","15"
"29146.938331518","14","14","14"
"29161.938365781","14","14","14"
"29176.938267738","14","14","14"
"29191.938693083","15","15","15"
"29206.938168813","15","15","15"
"29221.938147731","15","15","15"
"29236.938028136","13","13","13"
"29251.938433445","14","14","14"
"29266.938610648","15","15","15"
"29281.938231227","14","14","14"
"29296.938824163","10","10","10"
"29311.93822589","15","15","15"
"29326.938625308","14","14","14"
"29341.938231445","14","14","14"
"29356.938838913","15","15","15"
"29371.938328565","15","15","15"
"29386.938429896","15","15","15"
"29401.938493768","14","14","14"
"29416.93869167","15","15","15"
"29431.938948638","13","13","13"
"29446.938535009","13","13","13"
"29461.938466984","17","17","17"
"29476.938356823","17","17","17"
"29491.938275936","15","15","15"
"29506.938509377","15","15","15"
"29521.93807581","15","15","15"
"29536.938548559","17","17","17"
"29551.938132877","10","10","10"
"29566.938551187","11","11","11"
"29581.938606594","13","13","13"
"29596.938409754","15","15","15"