"epoch","onFlashIPA_v0 - train_loss_epoch","onFlashIPA_v0 - train_loss_epoch__MIN","onFlashIPA_v0 - train_loss_epoch__MAX","onFlashIPA_v0 - _step","onFlashIPA_v0 - _step__MIN","onFlashIPA_v0 - _step__MAX"
"0","1.4828802347183228","1.4828802347183228","1.4828802347183228","9","9","9"
"1","1.2984668016433716","1.2984668016433716","1.2984668016433716","20","20","20"
"2","1.229092001914978","1.229092001914978","1.229092001914978","31","31","31"
"3","1.1745736598968506","1.1745736598968506","1.1745736598968506","42","42","42"
"4","1.1543524265289307","1.1543524265289307","1.1543524265289307","53","53","53"
"5","1.1374788284301758","1.1374788284301758","1.1374788284301758","64","64","64"
"6","1.1177237033843994","1.1177237033843994","1.1177237033843994","75","75","75"
"7","1.0979288816452026","1.0979288816452026","1.0979288816452026","85","85","85"
"8","1.0808582305908203","1.0808582305908203","1.0808582305908203","96","96","96"
"9","1.0729721784591675","1.0729721784591675","1.0729721784591675","107","107","107"
"10","1.064029574394226","1.064029574394226","1.064029574394226","118","118","118"
"11","1.0557631254196167","1.0557631254196167","1.0557631254196167","129","129","129"
"12","1.040540337562561","1.040540337562561","1.040540337562561","140","140","140"
"13","1.0335696935653687","1.0335696935653687","1.0335696935653687","151","151","151"
"14","1.0299065113067627","1.0299065113067627","1.0299065113067627","161","161","161"
"15","1.0279470682144165","1.0279470682144165","1.0279470682144165","172","172","172"
"16","1.0169776678085327","1.0169776678085327","1.0169776678085327","183","183","183"
"17","1.0061403512954712","1.0061403512954712","1.0061403512954712","194","194","194"
"18","1.0071786642074585","1.0071786642074585","1.0071786642074585","205","205","205"
"19","0.9953888058662415","0.9953888058662415","0.9953888058662415","216","216","216"
"20","0.994490921497345","0.994490921497345","0.994490921497345","227","227","227"
"21","0.9898199439048767","0.9898199439048767","0.9898199439048767","237","237","237"
"22","0.9792824983596802","0.9792824983596802","0.9792824983596802","248","248","248"
"23","0.9844996929168701","0.9844996929168701","0.9844996929168701","259","259","259"
"24","0.9818427562713623","0.9818427562713623","0.9818427562713623","270","270","270"
"25","0.9779573678970337","0.9779573678970337","0.9779573678970337","281","281","281"
"26","0.9776347875595093","0.9776347875595093","0.9776347875595093","292","292","292"
"27","0.9750834107398987","0.9750834107398987","0.9750834107398987","303","303","303"
"28","0.9731076955795288","0.9731076955795288","0.9731076955795288","313","313","313"
"29","0.9649455547332764","0.9649455547332764","0.9649455547332764","324","324","324"
"30","0.9560715556144714","0.9560715556144714","0.9560715556144714","335","335","335"
"31","0.9545778036117554","0.9545778036117554","0.9545778036117554","346","346","346"
"32","0.9635885953903198","0.9635885953903198","0.9635885953903198","357","357","357"
"33","0.9521235227584839","0.9521235227584839","0.9521235227584839","368","368","368"
"34","0.9522407650947571","0.9522407650947571","0.9522407650947571","379","379","379"
"35","0.9523020386695862","0.9523020386695862","0.9523020386695862","389","389","389"
"36","0.9475204348564148","0.9475204348564148","0.9475204348564148","400","400","400"
"37","0.952143669128418","0.952143669128418","0.952143669128418","411","411","411"
"38","0.9439733028411865","0.9439733028411865","0.9439733028411865","422","422","422"
"39","0.9443019032478333","0.9443019032478333","0.9443019032478333","433","433","433"
"40","0.9367976188659668","0.9367976188659668","0.9367976188659668","444","444","444"
"41","0.9448304772377014","0.9448304772377014","0.9448304772377014","455","455","455"
"42","0.9324194192886353","0.9324194192886353","0.9324194192886353","465","465","465"
"43","0.9301254749298096","0.9301254749298096","0.9301254749298096","476","476","476"
"44","0.9282684326171875","0.9282684326171875","0.9282684326171875","487","487","487"
"45","0.9304563403129578","0.9304563403129578","0.9304563403129578","498","498","498"
"46","0.9296246767044067","0.9296246767044067","0.9296246767044067","509","509","509"
"47","0.9277482032775879","0.9277482032775879","0.9277482032775879","520","520","520"
"48","0.9286867380142212","0.9286867380142212","0.9286867380142212","531","531","531"
"49","0.9226930141448975","0.9226930141448975","0.9226930141448975","542","542","542"
"50","0.9252740144729614","0.9252740144729614","0.9252740144729614","552","552","552"
"51","0.9206032156944275","0.9206032156944275","0.9206032156944275","563","563","563"
"52","0.9188855886459351","0.9188855886459351","0.9188855886459351","574","574","574"
"53","0.9187777638435364","0.9187777638435364","0.9187777638435364","585","585","585"
"54","0.9223753213882446","0.9223753213882446","0.9223753213882446","596","596","596"
"55","0.9189898371696472","0.9189898371696472","0.9189898371696472","607","607","607"
"56","0.9137085676193237","0.9137085676193237","0.9137085676193237","618","618","618"
"57","0.9203831553459167","0.9203831553459167","0.9203831553459167","628","628","628"
"58","0.9169912934303284","0.9169912934303284","0.9169912934303284","639","639","639"
"59","0.9161826968193054","0.9161826968193054","0.9161826968193054","650","650","650"
"60","0.9137994050979614","0.9137994050979614","0.9137994050979614","661","661","661"
"61","0.9128358364105225","0.9128358364105225","0.9128358364105225","672","672","672"
"62","0.9071053266525269","0.9071053266525269","0.9071053266525269","683","683","683"
"63","0.9115159511566162","0.9115159511566162","0.9115159511566162","694","694","694"
"64","0.9041070342063904","0.9041070342063904","0.9041070342063904","704","704","704"
"65","0.9064051508903503","0.9064051508903503","0.9064051508903503","715","715","715"
"66","0.9037554264068604","0.9037554264068604","0.9037554264068604","726","726","726"
"67","0.9016939997673035","0.9016939997673035","0.9016939997673035","737","737","737"
"68","0.9034693837165833","0.9034693837165833","0.9034693837165833","748","748","748"
"69","0.9082045555114746","0.9082045555114746","0.9082045555114746","759","759","759"
"70","0.9008094668388367","0.9008094668388367","0.9008094668388367","770","770","770"
"71","0.9070414304733276","0.9070414304733276","0.9070414304733276","780","780","780"
"72","0.901637613773346","0.901637613773346","0.901637613773346","791","791","791"
"73","0.9072509407997131","0.9072509407997131","0.9072509407997131","802","802","802"
"74","0.9091318845748901","0.9091318845748901","0.9091318845748901","813","813","813"
"75","0.8981283903121948","0.8981283903121948","0.8981283903121948","824","824","824"
"76","0.8981676697731018","0.8981676697731018","0.8981676697731018","835","835","835"
"77","0.9028523564338684","0.9028523564338684","0.9028523564338684","846","846","846"
"78","0.8979654312133789","0.8979654312133789","0.8979654312133789","856","856","856"
"79","0.8983682990074158","0.8983682990074158","0.8983682990074158","867","867","867"
"80","0.9046248197555542","0.9046248197555542","0.9046248197555542","878","878","878"
"81","0.8977625370025635","0.8977625370025635","0.8977625370025635","889","889","889"
"82","0.896411657333374","0.896411657333374","0.896411657333374","900","900","900"
"83","0.9081382751464844","0.9081382751464844","0.9081382751464844","911","911","911"
"84","0.8955313563346863","0.8955313563346863","0.8955313563346863","922","922","922"
"85","0.8961270451545715","0.8961270451545715","0.8961270451545715","932","932","932"
"86","0.8867522478103638","0.8867522478103638","0.8867522478103638","943","943","943"
"87","0.8902837038040161","0.8902837038040161","0.8902837038040161","954","954","954"
"88","0.888584554195404","0.888584554195404","0.888584554195404","965","965","965"
"89","0.900138795375824","0.900138795375824","0.900138795375824","976","976","976"
"90","0.887806236743927","0.887806236743927","0.887806236743927","987","987","987"
"91","0.8941168785095215","0.8941168785095215","0.8941168785095215","998","998","998"
"92","0.8901042938232422","0.8901042938232422","0.8901042938232422","1008","1008","1008"
"93","0.8909541368484497","0.8909541368484497","0.8909541368484497","1019","1019","1019"
"94","0.8945435881614685","0.8945435881614685","0.8945435881614685","1030","1030","1030"
"95","0.8853352665901184","0.8853352665901184","0.8853352665901184","1041","1041","1041"
"96","0.8878043293952942","0.8878043293952942","0.8878043293952942","1052","1052","1052"
"97","0.8849619626998901","0.8849619626998901","0.8849619626998901","1063","1063","1063"
"98","0.8776782155036926","0.8776782155036926","0.8776782155036926","1074","1074","1074"
"99","0.8828738331794739","0.8828738331794739","0.8828738331794739","1085","1085","1085"
"100","0.8883486390113831","0.8883486390113831","0.8883486390113831","1095","1095","1095"
"101","0.8885579705238342","0.8885579705238342","0.8885579705238342","1106","1106","1106"
"102","0.8757355213165283","0.8757355213165283","0.8757355213165283","1117","1117","1117"
"103","0.8861373066902161","0.8861373066902161","0.8861373066902161","1128","1128","1128"
"104","0.8869690299034119","0.8869690299034119","0.8869690299034119","1139","1139","1139"
"105","0.8774256110191345","0.8774256110191345","0.8774256110191345","1150","1150","1150"
"106","0.8859009742736816","0.8859009742736816","0.8859009742736816","1161","1161","1161"
"107","0.8797627091407776","0.8797627091407776","0.8797627091407776","1171","1171","1171"
"108","0.882175624370575","0.882175624370575","0.882175624370575","1182","1182","1182"
"109","0.8843763470649719","0.8843763470649719","0.8843763470649719","1193","1193","1193"
"110","0.8768570423126221","0.8768570423126221","0.8768570423126221","1204","1204","1204"
"111","0.8773676156997681","0.8773676156997681","0.8773676156997681","1215","1215","1215"
"112","0.8753958940505981","0.8753958940505981","0.8753958940505981","1226","1226","1226"
"113","0.8797972798347473","0.8797972798347473","0.8797972798347473","1237","1237","1237"
"114","0.876213788986206","0.876213788986206","0.876213788986206","1247","1247","1247"
"115","0.8759709000587463","0.8759709000587463","0.8759709000587463","1258","1258","1258"
"116","0.8815052509307861","0.8815052509307861","0.8815052509307861","1269","1269","1269"
"117","0.8764787316322327","0.8764787316322327","0.8764787316322327","1280","1280","1280"
"118","0.8788521885871887","0.8788521885871887","0.8788521885871887","1291","1291","1291"
"119","0.8712027668952942","0.8712027668952942","0.8712027668952942","1302","1302","1302"
"120","0.8820656538009644","0.8820656538009644","0.8820656538009644","1313","1313","1313"
"121","0.8747002482414246","0.8747002482414246","0.8747002482414246","1323","1323","1323"
"122","0.8767743110656738","0.8767743110656738","0.8767743110656738","1334","1334","1334"
"123","0.8741663098335266","0.8741663098335266","0.8741663098335266","1345","1345","1345"
"124","0.8680947422981262","0.8680947422981262","0.8680947422981262","1356","1356","1356"
"125","0.8692103028297424","0.8692103028297424","0.8692103028297424","1367","1367","1367"
"126","0.875935435295105","0.875935435295105","0.875935435295105","1378","1378","1378"
"127","0.8742270469665527","0.8742270469665527","0.8742270469665527","1389","1389","1389"
"128","0.8772391676902771","0.8772391676902771","0.8772391676902771","1399","1399","1399"
"129","0.8705450296401978","0.8705450296401978","0.8705450296401978","1410","1410","1410"
"130","0.8677269220352173","0.8677269220352173","0.8677269220352173","1421","1421","1421"
"131","0.8773123621940613","0.8773123621940613","0.8773123621940613","1432","1432","1432"
"132","0.8694497346878052","0.8694497346878052","0.8694497346878052","1443","1443","1443"
"133","0.8681763410568237","0.8681763410568237","0.8681763410568237","1454","1454","1454"
"134","0.8646489381790161","0.8646489381790161","0.8646489381790161","1465","1465","1465"
"135","0.8692193031311035","0.8692193031311035","0.8692193031311035","1475","1475","1475"
"136","0.8670140504837036","0.8670140504837036","0.8670140504837036","1486","1486","1486"
"137","0.8697519898414612","0.8697519898414612","0.8697519898414612","1497","1497","1497"
"138","0.8623731732368469","0.8623731732368469","0.8623731732368469","1508","1508","1508"
"139","0.8674137592315674","0.8674137592315674","0.8674137592315674","1519","1519","1519"
"140","0.8646881580352783","0.8646881580352783","0.8646881580352783","1530","1530","1530"
"141","0.8659880757331848","0.8659880757331848","0.8659880757331848","1541","1541","1541"
"142","0.8630538582801819","0.8630538582801819","0.8630538582801819","1551","1551","1551"
"143","0.8659014701843262","0.8659014701843262","0.8659014701843262","1562","1562","1562"
"144","0.8632091879844666","0.8632091879844666","0.8632091879844666","1573","1573","1573"
"145","0.8679863214492798","0.8679863214492798","0.8679863214492798","1584","1584","1584"
"146","0.8640902638435364","0.8640902638435364","0.8640902638435364","1595","1595","1595"
"147","0.8737615346908569","0.8737615346908569","0.8737615346908569","1606","1606","1606"
"148","0.8684712648391724","0.8684712648391724","0.8684712648391724","1617","1617","1617"
"149","0.8665094375610352","0.8665094375610352","0.8665094375610352","1628","1628","1628"
"150","0.867014467716217","0.867014467716217","0.867014467716217","1638","1638","1638"
"151","0.8613123297691345","0.8613123297691345","0.8613123297691345","1649","1649","1649"
"152","0.867246687412262","0.867246687412262","0.867246687412262","1660","1660","1660"
"153","0.865554928779602","0.865554928779602","0.865554928779602","1671","1671","1671"
"154","0.8711789846420288","0.8711789846420288","0.8711789846420288","1682","1682","1682"
"155","0.8687859773635864","0.8687859773635864","0.8687859773635864","1693","1693","1693"
"156","0.8670515418052673","0.8670515418052673","0.8670515418052673","1704","1704","1704"
"157","0.8610785007476807","0.8610785007476807","0.8610785007476807","1714","1714","1714"
"158","0.870398223400116","0.870398223400116","0.870398223400116","1725","1725","1725"
"159","0.8597438335418701","0.8597438335418701","0.8597438335418701","1736","1736","1736"
"160","0.8639762997627258","0.8639762997627258","0.8639762997627258","1747","1747","1747"
"161","0.857509434223175","0.857509434223175","0.857509434223175","1758","1758","1758"
"162","0.861316978931427","0.861316978931427","0.861316978931427","1769","1769","1769"
"163","0.8677291870117188","0.8677291870117188","0.8677291870117188","1780","1780","1780"
"164","0.8656095862388611","0.8656095862388611","0.8656095862388611","1790","1790","1790"
"165","0.8626788854598999","0.8626788854598999","0.8626788854598999","1801","1801","1801"
"166","0.8657296895980835","0.8657296895980835","0.8657296895980835","1812","1812","1812"
"167","0.8600490093231201","0.8600490093231201","0.8600490093231201","1823","1823","1823"
"168","0.8558168411254883","0.8558168411254883","0.8558168411254883","1834","1834","1834"
"169","0.8575645685195923","0.8575645685195923","0.8575645685195923","1845","1845","1845"
"170","0.8584963083267212","0.8584963083267212","0.8584963083267212","1856","1856","1856"
"171","0.8574836254119873","0.8574836254119873","0.8574836254119873","1866","1866","1866"
"172","0.8624836206436157","0.8624836206436157","0.8624836206436157","1877","1877","1877"
"173","0.8573745489120483","0.8573745489120483","0.8573745489120483","1888","1888","1888"
"174","0.859947681427002","0.859947681427002","0.859947681427002","1899","1899","1899"
"175","0.8641322255134583","0.8641322255134583","0.8641322255134583","1910","1910","1910"
"176","0.8514425754547119","0.8514425754547119","0.8514425754547119","1921","1921","1921"
"177","0.8587079644203186","0.8587079644203186","0.8587079644203186","1932","1932","1932"
"178","0.8626469373703003","0.8626469373703003","0.8626469373703003","1942","1942","1942"
"179","0.8546887040138245","0.8546887040138245","0.8546887040138245","1953","1953","1953"
"180","0.859160840511322","0.859160840511322","0.859160840511322","1964","1964","1964"
"181","0.857657790184021","0.857657790184021","0.857657790184021","1975","1975","1975"
"182","0.8612054586410522","0.8612054586410522","0.8612054586410522","1986","1986","1986"
"183","0.8590556383132935","0.8590556383132935","0.8590556383132935","1997","1997","1997"
"184","0.8520306348800659","0.8520306348800659","0.8520306348800659","2008","2008","2008"
"185","0.8605952858924866","0.8605952858924866","0.8605952858924866","2018","2018","2018"
"186","0.8586309552192688","0.8586309552192688","0.8586309552192688","2029","2029","2029"
"187","0.8545613288879395","0.8545613288879395","0.8545613288879395","2040","2040","2040"
"188","0.8536223769187927","0.8536223769187927","0.8536223769187927","2051","2051","2051"
"189","0.8530935645103455","0.8530935645103455","0.8530935645103455","2062","2062","2062"
"190","0.8609054684638977","0.8609054684638977","0.8609054684638977","2073","2073","2073"
"191","0.8533734083175659","0.8533734083175659","0.8533734083175659","2084","2084","2084"
"192","0.857026994228363","0.857026994228363","0.857026994228363","2094","2094","2094"
"193","0.8498424887657166","0.8498424887657166","0.8498424887657166","2105","2105","2105"
"194","0.8528124690055847","0.8528124690055847","0.8528124690055847","2116","2116","2116"
"195","0.8532295823097229","0.8532295823097229","0.8532295823097229","2127","2127","2127"
"196","0.8478267192840576","0.8478267192840576","0.8478267192840576","2138","2138","2138"
"197","0.8500875234603882","0.8500875234603882","0.8500875234603882","2149","2149","2149"
"198","0.8630635142326355","0.8630635142326355","0.8630635142326355","2160","2160","2160"
"199","0.8476572632789612","0.8476572632789612","0.8476572632789612","2171","2171","2171"
"200","0.8504676222801208","0.8504676222801208","0.8504676222801208","2181","2181","2181"
"201","0.8560114502906799","0.8560114502906799","0.8560114502906799","2192","2192","2192"
"202","0.8573001623153687","0.8573001623153687","0.8573001623153687","2203","2203","2203"
"203","0.8563562631607056","0.8563562631607056","0.8563562631607056","2214","2214","2214"
"204","0.8509799838066101","0.8509799838066101","0.8509799838066101","2225","2225","2225"
"205","0.8452328443527222","0.8452328443527222","0.8452328443527222","2236","2236","2236"
"206","0.8520363569259644","0.8520363569259644","0.8520363569259644","2247","2247","2247"
"207","0.8510940670967102","0.8510940670967102","0.8510940670967102","2257","2257","2257"
"208","0.8499773740768433","0.8499773740768433","0.8499773740768433","2268","2268","2268"
"209","0.8535024523735046","0.8535024523735046","0.8535024523735046","2279","2279","2279"
"210","0.8442614674568176","0.8442614674568176","0.8442614674568176","2290","2290","2290"
"211","0.8533302545547485","0.8533302545547485","0.8533302545547485","2301","2301","2301"
"212","0.8556867837905884","0.8556867837905884","0.8556867837905884","2312","2312","2312"
"213","0.850795328617096","0.850795328617096","0.850795328617096","2323","2323","2323"
"214","0.8521261811256409","0.8521261811256409","0.8521261811256409","2333","2333","2333"
"215","0.846390426158905","0.846390426158905","0.846390426158905","2344","2344","2344"
"216","0.8481128811836243","0.8481128811836243","0.8481128811836243","2355","2355","2355"
"217","0.8533241748809814","0.8533241748809814","0.8533241748809814","2366","2366","2366"
"218","0.8584794998168945","0.8584794998168945","0.8584794998168945","2377","2377","2377"
"219","0.8499970436096191","0.8499970436096191","0.8499970436096191","2388","2388","2388"
"220","0.8485255837440491","0.8485255837440491","0.8485255837440491","2399","2399","2399"
"221","0.849309504032135","0.849309504032135","0.849309504032135","2409","2409","2409"
"222","0.8457927703857422","0.8457927703857422","0.8457927703857422","2420","2420","2420"
"223","0.853049635887146","0.853049635887146","0.853049635887146","2431","2431","2431"
"224","0.8479635119438171","0.8479635119438171","0.8479635119438171","2442","2442","2442"
"225","0.8477148413658142","0.8477148413658142","0.8477148413658142","2453","2453","2453"
"226","0.8493505716323853","0.8493505716323853","0.8493505716323853","2464","2464","2464"
"227","0.8510543704032898","0.8510543704032898","0.8510543704032898","2475","2475","2475"
"228","0.8451862335205078","0.8451862335205078","0.8451862335205078","2485","2485","2485"
"229","0.8527498841285706","0.8527498841285706","0.8527498841285706","2496","2496","2496"
"230","0.854713499546051","0.854713499546051","0.854713499546051","2507","2507","2507"
"231","0.848399817943573","0.848399817943573","0.848399817943573","2518","2518","2518"
"232","0.8433550596237183","0.8433550596237183","0.8433550596237183","2529","2529","2529"
"233","0.8498943448066711","0.8498943448066711","0.8498943448066711","2540","2540","2540"
"234","0.843474268913269","0.843474268913269","0.843474268913269","2551","2551","2551"
"235","0.8470703959465027","0.8470703959465027","0.8470703959465027","2561","2561","2561"
"236","0.8513705730438232","0.8513705730438232","0.8513705730438232","2572","2572","2572"
"237","0.8469299674034119","0.8469299674034119","0.8469299674034119","2583","2583","2583"
"238","0.8498229384422302","0.8498229384422302","0.8498229384422302","2594","2594","2594"
"239","0.8489931225776672","0.8489931225776672","0.8489931225776672","2605","2605","2605"
"240","0.8451130390167236","0.8451130390167236","0.8451130390167236","2616","2616","2616"
"241","0.8472708463668823","0.8472708463668823","0.8472708463668823","2627","2627","2627"
"242","0.8462466597557068","0.8462466597557068","0.8462466597557068","2637","2637","2637"
"243","0.8464025855064392","0.8464025855064392","0.8464025855064392","2648","2648","2648"
"244","0.8457782864570618","0.8457782864570618","0.8457782864570618","2659","2659","2659"
"245","0.854141354560852","0.854141354560852","0.854141354560852","2670","2670","2670"
"246","0.841262936592102","0.841262936592102","0.841262936592102","2681","2681","2681"
"247","0.8481285572052002","0.8481285572052002","0.8481285572052002","2692","2692","2692"
"248","0.8439066410064697","0.8439066410064697","0.8439066410064697","2703","2703","2703"
"249","0.8531408905982971","0.8531408905982971","0.8531408905982971","2714","2714","2714"
"250","0.8484562039375305","0.8484562039375305","0.8484562039375305","2724","2724","2724"
"251","0.8544334173202515","0.8544334173202515","0.8544334173202515","2735","2735","2735"
"252","0.8505145907402039","0.8505145907402039","0.8505145907402039","2746","2746","2746"
"253","0.8415637612342834","0.8415637612342834","0.8415637612342834","2757","2757","2757"
"254","0.8409456014633179","0.8409456014633179","0.8409456014633179","2768","2768","2768"
"255","0.8484857678413391","0.8484857678413391","0.8484857678413391","2779","2779","2779"
"256","0.8452470302581787","0.8452470302581787","0.8452470302581787","2790","2790","2790"
"257","0.8434831500053406","0.8434831500053406","0.8434831500053406","2800","2800","2800"
"258","0.8455990552902222","0.8455990552902222","0.8455990552902222","2811","2811","2811"
"259","0.8466779589653015","0.8466779589653015","0.8466779589653015","2822","2822","2822"
"260","0.8402402997016907","0.8402402997016907","0.8402402997016907","2833","2833","2833"
"261","0.8502042293548584","0.8502042293548584","0.8502042293548584","2844","2844","2844"
"262","0.8465997576713562","0.8465997576713562","0.8465997576713562","2855","2855","2855"
"263","0.8437309265136719","0.8437309265136719","0.8437309265136719","2866","2866","2866"
"264","0.8370065093040466","0.8370065093040466","0.8370065093040466","2876","2876","2876"
"265","0.8439708352088928","0.8439708352088928","0.8439708352088928","2887","2887","2887"
"266","0.841653048992157","0.841653048992157","0.841653048992157","2898","2898","2898"
"267","0.841234564781189","0.841234564781189","0.841234564781189","2909","2909","2909"
"268","0.8458312153816223","0.8458312153816223","0.8458312153816223","2920","2920","2920"
"269","0.8457175493240356","0.8457175493240356","0.8457175493240356","2931","2931","2931"
"270","0.8429722189903259","0.8429722189903259","0.8429722189903259","2942","2942","2942"
"271","0.8381839394569397","0.8381839394569397","0.8381839394569397","2952","2952","2952"
"272","0.8509038686752319","0.8509038686752319","0.8509038686752319","2963","2963","2963"
"273","0.8368087410926819","0.8368087410926819","0.8368087410926819","2974","2974","2974"
"274","0.8487992286682129","0.8487992286682129","0.8487992286682129","2985","2985","2985"
"275","0.8428963422775269","0.8428963422775269","0.8428963422775269","2996","2996","2996"
"276","0.8423642516136169","0.8423642516136169","0.8423642516136169","3007","3007","3007"
"277","0.8503417372703552","0.8503417372703552","0.8503417372703552","3018","3018","3018"
"278","0.8411217927932739","0.8411217927932739","0.8411217927932739","3028","3028","3028"
"279","0.8387951850891113","0.8387951850891113","0.8387951850891113","3039","3039","3039"
"280","0.8399914503097534","0.8399914503097534","0.8399914503097534","3050","3050","3050"
"281","0.8394255638122559","0.8394255638122559","0.8394255638122559","3061","3061","3061"
"282","0.840663731098175","0.840663731098175","0.840663731098175","3072","3072","3072"
"283","0.844123125076294","0.844123125076294","0.844123125076294","3083","3083","3083"
"284","0.8386960029602051","0.8386960029602051","0.8386960029602051","3094","3094","3094"
"285","0.8414724469184875","0.8414724469184875","0.8414724469184875","3104","3104","3104"
"286","0.8395554423332214","0.8395554423332214","0.8395554423332214","3115","3115","3115"
"287","0.8444623351097107","0.8444623351097107","0.8444623351097107","3126","3126","3126"
"288","0.8404495120048523","0.8404495120048523","0.8404495120048523","3137","3137","3137"
"289","0.8310083746910095","0.8310083746910095","0.8310083746910095","3148","3148","3148"
"290","0.8425900936126709","0.8425900936126709","0.8425900936126709","3159","3159","3159"
"291","0.8353279829025269","0.8353279829025269","0.8353279829025269","3170","3170","3170"
"292","0.8411086797714233","0.8411086797714233","0.8411086797714233","3180","3180","3180"
"293","0.8382079005241394","0.8382079005241394","0.8382079005241394","3191","3191","3191"
"294","0.8406240940093994","0.8406240940093994","0.8406240940093994","3202","3202","3202"
"295","0.8448600769042969","0.8448600769042969","0.8448600769042969","3213","3213","3213"
"296","0.8392648100852966","0.8392648100852966","0.8392648100852966","3224","3224","3224"
"297","0.8375639915466309","0.8375639915466309","0.8375639915466309","3235","3235","3235"
"298","0.8340152502059937","0.8340152502059937","0.8340152502059937","3246","3246","3246"
"299","0.8393117189407349","0.8393117189407349","0.8393117189407349","3257","3257","3257"
"300","0.8441985845565796","0.8441985845565796","0.8441985845565796","3267","3267","3267"
"301","0.8450482487678528","0.8450482487678528","0.8450482487678528","3278","3278","3278"
"302","0.838330864906311","0.838330864906311","0.838330864906311","3289","3289","3289"
"303","0.8454709649085999","0.8454709649085999","0.8454709649085999","3300","3300","3300"
"304","0.8414820432662964","0.8414820432662964","0.8414820432662964","3311","3311","3311"
"305","0.8455352187156677","0.8455352187156677","0.8455352187156677","3322","3322","3322"
"306","0.8393513560295105","0.8393513560295105","0.8393513560295105","3333","3333","3333"
"307","0.8430761694908142","0.8430761694908142","0.8430761694908142","3343","3343","3343"
"308","0.8367252349853516","0.8367252349853516","0.8367252349853516","3354","3354","3354"
"309","0.8402453660964966","0.8402453660964966","0.8402453660964966","3365","3365","3365"
"310","0.8333215713500977","0.8333215713500977","0.8333215713500977","3376","3376","3376"
"311","0.8422043323516846","0.8422043323516846","0.8422043323516846","3387","3387","3387"
"312","0.8415561318397522","0.8415561318397522","0.8415561318397522","3398","3398","3398"
"313","0.8404289484024048","0.8404289484024048","0.8404289484024048","3409","3409","3409"
"314","0.8407342433929443","0.8407342433929443","0.8407342433929443","3419","3419","3419"
"315","0.8316916227340698","0.8316916227340698","0.8316916227340698","3430","3430","3430"
"316","0.8415997624397278","0.8415997624397278","0.8415997624397278","3441","3441","3441"
"317","0.8410881161689758","0.8410881161689758","0.8410881161689758","3452","3452","3452"
"318","0.8380144834518433","0.8380144834518433","0.8380144834518433","3463","3463","3463"
"319","0.8354182243347168","0.8354182243347168","0.8354182243347168","3474","3474","3474"
"320","0.8372676968574524","0.8372676968574524","0.8372676968574524","3485","3485","3485"
"321","0.8415400981903076","0.8415400981903076","0.8415400981903076","3495","3495","3495"
"322","0.8345903158187866","0.8345903158187866","0.8345903158187866","3506","3506","3506"
"323","0.8340526819229126","0.8340526819229126","0.8340526819229126","3517","3517","3517"
"324","0.8372774720191956","0.8372774720191956","0.8372774720191956","3528","3528","3528"
"325","0.8333232402801514","0.8333232402801514","0.8333232402801514","3539","3539","3539"
"326","0.8349093198776245","0.8349093198776245","0.8349093198776245","3550","3550","3550"
"327","0.8366406559944153","0.8366406559944153","0.8366406559944153","3561","3561","3561"
"328","0.8430765271186829","0.8430765271186829","0.8430765271186829","3571","3571","3571"
"329","0.8393955230712891","0.8393955230712891","0.8393955230712891","3582","3582","3582"
"330","0.8383007049560547","0.8383007049560547","0.8383007049560547","3593","3593","3593"
"331","0.8339194059371948","0.8339194059371948","0.8339194059371948","3604","3604","3604"
"332","0.8375852704048157","0.8375852704048157","0.8375852704048157","3615","3615","3615"
"333","0.8395801186561584","0.8395801186561584","0.8395801186561584","3626","3626","3626"
"334","0.8351154327392578","0.8351154327392578","0.8351154327392578","3637","3637","3637"
"335","0.8406177759170532","0.8406177759170532","0.8406177759170532","3647","3647","3647"
"336","0.8344137072563171","0.8344137072563171","0.8344137072563171","3658","3658","3658"
"337","0.8362100720405579","0.8362100720405579","0.8362100720405579","3669","3669","3669"
"338","0.837608277797699","0.837608277797699","0.837608277797699","3680","3680","3680"
"339","0.8353692889213562","0.8353692889213562","0.8353692889213562","3691","3691","3691"
"340","0.8302533626556396","0.8302533626556396","0.8302533626556396","3702","3702","3702"
"341","0.8434408903121948","0.8434408903121948","0.8434408903121948","3713","3713","3713"
"342","0.8349961042404175","0.8349961042404175","0.8349961042404175","3723","3723","3723"
"343","0.8389530181884766","0.8389530181884766","0.8389530181884766","3734","3734","3734"
"344","0.8340190052986145","0.8340190052986145","0.8340190052986145","3745","3745","3745"
"345","0.8340912461280823","0.8340912461280823","0.8340912461280823","3756","3756","3756"
"346","0.8379518985748291","0.8379518985748291","0.8379518985748291","3767","3767","3767"
"347","0.828903317451477","0.828903317451477","0.828903317451477","3778","3778","3778"
"348","0.8401700258255005","0.8401700258255005","0.8401700258255005","3789","3789","3789"
"349","0.8355379104614258","0.8355379104614258","0.8355379104614258","3800","3800","3800"
"350","0.8327450156211853","0.8327450156211853","0.8327450156211853","3810","3810","3810"
"351","0.8374326825141907","0.8374326825141907","0.8374326825141907","3821","3821","3821"
"352","0.8370779156684875","0.8370779156684875","0.8370779156684875","3832","3832","3832"
"353","0.8340451717376709","0.8340451717376709","0.8340451717376709","3843","3843","3843"
"354","0.834958016872406","0.834958016872406","0.834958016872406","3854","3854","3854"
"355","0.8336279392242432","0.8336279392242432","0.8336279392242432","3865","3865","3865"
"356","0.8311353325843811","0.8311353325843811","0.8311353325843811","3876","3876","3876"
"357","0.8238859176635742","0.8238859176635742","0.8238859176635742","3886","3886","3886"
"358","0.8323588371276855","0.8323588371276855","0.8323588371276855","3897","3897","3897"
"359","0.8322910070419312","0.8322910070419312","0.8322910070419312","3908","3908","3908"
"360","0.8335181474685669","0.8335181474685669","0.8335181474685669","3919","3919","3919"
"361","0.8327012658119202","0.8327012658119202","0.8327012658119202","3930","3930","3930"
"362","0.8309812545776367","0.8309812545776367","0.8309812545776367","3941","3941","3941"
"363","0.8285343050956726","0.8285343050956726","0.8285343050956726","3952","3952","3952"
"364","0.8351641893386841","0.8351641893386841","0.8351641893386841","3962","3962","3962"
"365","0.8303055167198181","0.8303055167198181","0.8303055167198181","3973","3973","3973"
"366","0.8334433436393738","0.8334433436393738","0.8334433436393738","3984","3984","3984"
"367","0.833262026309967","0.833262026309967","0.833262026309967","3995","3995","3995"
"368","0.8296710848808289","0.8296710848808289","0.8296710848808289","4006","4006","4006"
"369","0.8287606239318848","0.8287606239318848","0.8287606239318848","4017","4017","4017"
"370","0.8309124112129211","0.8309124112129211","0.8309124112129211","4028","4028","4028"
"371","0.8346193432807922","0.8346193432807922","0.8346193432807922","4038","4038","4038"
"372","0.830280601978302","0.830280601978302","0.830280601978302","4049","4049","4049"
"373","0.8417437076568604","0.8417437076568604","0.8417437076568604","4060","4060","4060"
"374","0.8317585587501526","0.8317585587501526","0.8317585587501526","4071","4071","4071"
"375","0.8310981392860413","0.8310981392860413","0.8310981392860413","4082","4082","4082"
"376","0.8321201801300049","0.8321201801300049","0.8321201801300049","4093","4093","4093"
"377","0.8300507664680481","0.8300507664680481","0.8300507664680481","4104","4104","4104"
"378","0.8228861689567566","0.8228861689567566","0.8228861689567566","4114","4114","4114"
"379","0.8307154178619385","0.8307154178619385","0.8307154178619385","4125","4125","4125"
"380","0.8306783437728882","0.8306783437728882","0.8306783437728882","4136","4136","4136"
"381","0.8346102237701416","0.8346102237701416","0.8346102237701416","4147","4147","4147"
"382","0.82719886302948","0.82719886302948","0.82719886302948","4158","4158","4158"
"383","0.8302283883094788","0.8302283883094788","0.8302283883094788","4169","4169","4169"
"384","0.8375077247619629","0.8375077247619629","0.8375077247619629","4180","4180","4180"
"385","0.831892728805542","0.831892728805542","0.831892728805542","4190","4190","4190"
"386","0.8367270231246948","0.8367270231246948","0.8367270231246948","4201","4201","4201"
"387","0.8254479765892029","0.8254479765892029","0.8254479765892029","4212","4212","4212"
"388","0.8304352760314941","0.8304352760314941","0.8304352760314941","4223","4223","4223"
"389","0.8327619433403015","0.8327619433403015","0.8327619433403015","4234","4234","4234"
"390","0.8284445405006409","0.8284445405006409","0.8284445405006409","4245","4245","4245"
"391","0.827754557132721","0.827754557132721","0.827754557132721","4256","4256","4256"
"392","0.8333027362823486","0.8333027362823486","0.8333027362823486","4266","4266","4266"
"393","0.8338059186935425","0.8338059186935425","0.8338059186935425","4277","4277","4277"
"394","0.8281245231628418","0.8281245231628418","0.8281245231628418","4288","4288","4288"
"395","0.8267033100128174","0.8267033100128174","0.8267033100128174","4299","4299","4299"
"396","0.8243236541748047","0.8243236541748047","0.8243236541748047","4310","4310","4310"
"397","0.8278903365135193","0.8278903365135193","0.8278903365135193","4321","4321","4321"
"398","0.827397346496582","0.827397346496582","0.827397346496582","4332","4332","4332"
"399","0.8244400024414062","0.8244400024414062","0.8244400024414062","4343","4343","4343"
"400","0.8365451693534851","0.8365451693534851","0.8365451693534851","4353","4353","4353"
"401","0.8310993313789368","0.8310993313789368","0.8310993313789368","4364","4364","4364"
"402","0.8390433192253113","0.8390433192253113","0.8390433192253113","4375","4375","4375"
"403","0.8291475772857666","0.8291475772857666","0.8291475772857666","4386","4386","4386"
"404","0.8332116007804871","0.8332116007804871","0.8332116007804871","4397","4397","4397"
"405","0.8263192772865295","0.8263192772865295","0.8263192772865295","4408","4408","4408"
"406","0.8330152034759521","0.8330152034759521","0.8330152034759521","4419","4419","4419"
"407","0.8298413753509521","0.8298413753509521","0.8298413753509521","4429","4429","4429"
"408","0.8273141384124756","0.8273141384124756","0.8273141384124756","4440","4440","4440"
"409","0.8325154185295105","0.8325154185295105","0.8325154185295105","4451","4451","4451"
"410","0.8322398662567139","0.8322398662567139","0.8322398662567139","4462","4462","4462"
"411","0.8260090947151184","0.8260090947151184","0.8260090947151184","4473","4473","4473"
"412","0.8360685706138611","0.8360685706138611","0.8360685706138611","4484","4484","4484"
"413","0.8293108940124512","0.8293108940124512","0.8293108940124512","4495","4495","4495"
"414","0.8218286633491516","0.8218286633491516","0.8218286633491516","4505","4505","4505"
"415","0.8307805061340332","0.8307805061340332","0.8307805061340332","4516","4516","4516"
"416","0.8326861262321472","0.8326861262321472","0.8326861262321472","4527","4527","4527"
"417","0.8246863484382629","0.8246863484382629","0.8246863484382629","4538","4538","4538"
"418","0.8232489824295044","0.8232489824295044","0.8232489824295044","4549","4549","4549"
"419","0.8246704339981079","0.8246704339981079","0.8246704339981079","4560","4560","4560"
"420","0.8292489647865295","0.8292489647865295","0.8292489647865295","4571","4571","4571"
"421","0.8300449848175049","0.8300449848175049","0.8300449848175049","4581","4581","4581"
"422","0.8288570046424866","0.8288570046424866","0.8288570046424866","4592","4592","4592"
"423","0.8277926445007324","0.8277926445007324","0.8277926445007324","4603","4603","4603"
"424","0.8226957321166992","0.8226957321166992","0.8226957321166992","4614","4614","4614"
"425","0.8303844928741455","0.8303844928741455","0.8303844928741455","4625","4625","4625"
"426","0.8288184404373169","0.8288184404373169","0.8288184404373169","4636","4636","4636"
"427","0.8318535089492798","0.8318535089492798","0.8318535089492798","4647","4647","4647"
"428","0.8249755501747131","0.8249755501747131","0.8249755501747131","4657","4657","4657"
"429","0.8190394639968872","0.8190394639968872","0.8190394639968872","4668","4668","4668"
"430","0.8219533562660217","0.8219533562660217","0.8219533562660217","4679","4679","4679"
"431","0.8243275284767151","0.8243275284767151","0.8243275284767151","4690","4690","4690"
"432","0.8281653523445129","0.8281653523445129","0.8281653523445129","4701","4701","4701"
"433","0.8257207870483398","0.8257207870483398","0.8257207870483398","4712","4712","4712"
"434","0.8260800838470459","0.8260800838470459","0.8260800838470459","4723","4723","4723"
"435","0.8290201425552368","0.8290201425552368","0.8290201425552368","4733","4733","4733"
"436","0.8240668177604675","0.8240668177604675","0.8240668177604675","4744","4744","4744"
"437","0.8234307169914246","0.8234307169914246","0.8234307169914246","4755","4755","4755"
"438","0.8276247978210449","0.8276247978210449","0.8276247978210449","4766","4766","4766"
"439","0.831218421459198","0.831218421459198","0.831218421459198","4777","4777","4777"
"440","0.825892984867096","0.825892984867096","0.825892984867096","4788","4788","4788"
"441","0.8221503496170044","0.8221503496170044","0.8221503496170044","4799","4799","4799"
"442","0.8339658975601196","0.8339658975601196","0.8339658975601196","4809","4809","4809"
"443","0.8378355503082275","0.8378355503082275","0.8378355503082275","4820","4820","4820"
"444","0.8251804709434509","0.8251804709434509","0.8251804709434509","4831","4831","4831"
"445","0.825109601020813","0.825109601020813","0.825109601020813","4842","4842","4842"
"446","0.8279873132705688","0.8279873132705688","0.8279873132705688","4853","4853","4853"
"447","0.8290335536003113","0.8290335536003113","0.8290335536003113","4864","4864","4864"
"448","0.8326255083084106","0.8326255083084106","0.8326255083084106","4875","4875","4875"
"449","0.829612135887146","0.829612135887146","0.829612135887146","4886","4886","4886"
"450","0.8272356390953064","0.8272356390953064","0.8272356390953064","4896","4896","4896"
"451","0.8288068771362305","0.8288068771362305","0.8288068771362305","4907","4907","4907"
"452","0.8229535818099976","0.8229535818099976","0.8229535818099976","4918","4918","4918"
"453","0.821394145488739","0.821394145488739","0.821394145488739","4929","4929","4929"
"454","0.8239810466766357","0.8239810466766357","0.8239810466766357","4940","4940","4940"
"455","0.8280546069145203","0.8280546069145203","0.8280546069145203","4951","4951","4951"
"456","0.8193743824958801","0.8193743824958801","0.8193743824958801","4962","4962","4962"
"457","0.8283920884132385","0.8283920884132385","0.8283920884132385","4972","4972","4972"
"458","0.821399986743927","0.821399986743927","0.821399986743927","4983","4983","4983"
"459","0.8217535018920898","0.8217535018920898","0.8217535018920898","4994","4994","4994"
"460","0.8273001909255981","0.8273001909255981","0.8273001909255981","5005","5005","5005"
"461","0.8278471827507019","0.8278471827507019","0.8278471827507019","5016","5016","5016"
"462","0.8222115635871887","0.8222115635871887","0.8222115635871887","5027","5027","5027"
"463","0.8226107358932495","0.8226107358932495","0.8226107358932495","5038","5038","5038"
"464","0.829874575138092","0.829874575138092","0.829874575138092","5048","5048","5048"
"465","0.8229563236236572","0.8229563236236572","0.8229563236236572","5059","5059","5059"
"466","0.8225657939910889","0.8225657939910889","0.8225657939910889","5070","5070","5070"
"467","0.8306554555892944","0.8306554555892944","0.8306554555892944","5081","5081","5081"
"468","0.8250105381011963","0.8250105381011963","0.8250105381011963","5092","5092","5092"
"469","0.8286308646202087","0.8286308646202087","0.8286308646202087","5103","5103","5103"
"470","0.8288787603378296","0.8288787603378296","0.8288787603378296","5114","5114","5114"
"471","0.8211326599121094","0.8211326599121094","0.8211326599121094","5124","5124","5124"
"472","0.8195993900299072","0.8195993900299072","0.8195993900299072","5135","5135","5135"
"473","0.8179954290390015","0.8179954290390015","0.8179954290390015","5146","5146","5146"
"474","0.8217461109161377","0.8217461109161377","0.8217461109161377","5157","5157","5157"
"475","0.8268942832946777","0.8268942832946777","0.8268942832946777","5168","5168","5168"
"476","0.8201919198036194","0.8201919198036194","0.8201919198036194","5179","5179","5179"
"477","0.8311545848846436","0.8311545848846436","0.8311545848846436","5190","5190","5190"
"478","0.828220546245575","0.828220546245575","0.828220546245575","5200","5200","5200"
"479","0.8260642886161804","0.8260642886161804","0.8260642886161804","5211","5211","5211"
"480","0.8219069242477417","0.8219069242477417","0.8219069242477417","5222","5222","5222"
"481","0.8191760778427124","0.8191760778427124","0.8191760778427124","5233","5233","5233"
"482","0.8260191082954407","0.8260191082954407","0.8260191082954407","5244","5244","5244"
"483","0.824880838394165","0.824880838394165","0.824880838394165","5255","5255","5255"
"484","0.8232285976409912","0.8232285976409912","0.8232285976409912","5266","5266","5266"
"485","0.829059898853302","0.829059898853302","0.829059898853302","5276","5276","5276"
"486","0.8195857405662537","0.8195857405662537","0.8195857405662537","5287","5287","5287"
"487","0.8215907216072083","0.8215907216072083","0.8215907216072083","5298","5298","5298"
"488","0.826471209526062","0.826471209526062","0.826471209526062","5309","5309","5309"
"489","0.8239944577217102","0.8239944577217102","0.8239944577217102","5320","5320","5320"
"490","0.8177410960197449","0.8177410960197449","0.8177410960197449","5331","5331","5331"
"491","0.8218936324119568","0.8218936324119568","0.8218936324119568","5342","5342","5342"
"492","0.8253873586654663","0.8253873586654663","0.8253873586654663","5352","5352","5352"
"493","0.8311495780944824","0.8311495780944824","0.8311495780944824","5363","5363","5363"
"494","0.8198862671852112","0.8198862671852112","0.8198862671852112","5374","5374","5374"
"495","0.8266876339912415","0.8266876339912415","0.8266876339912415","5385","5385","5385"
"496","0.8252148628234863","0.8252148628234863","0.8252148628234863","5396","5396","5396"
"497","0.8267656564712524","0.8267656564712524","0.8267656564712524","5407","5407","5407"
"498","0.8221669793128967","0.8221669793128967","0.8221669793128967","5418","5418","5418"
"499","0.8251590132713318","0.8251590132713318","0.8251590132713318","5429","5429","5429"